Date,Open (Spot Price USD),High (Spot Price USD),Low (Spot Price USD),Close (Spot Price USD)
02-01-2020 00:00,1549.372,1553.142,1544.418,1550.341
03-01-2020 00:00,1569.728,1575.866,1565.958,1570.912
06-01-2020 00:00,1598.699,1599.13,1582.651,1587.39
07-01-2020 00:00,1589.329,1595.468,1587.821,1593.637
08-01-2020 00:00,1599.237,1600.53,1573.928,1581.682
09-01-2020 00:00,1573.174,1576.836,1566.389,1572.743
10-01-2020 00:00,1574.789,1583.082,1574.251,1582.221
13-01-2020 00:00,1576.19,1576.513,1570.051,1570.481
14-01-2020 00:00,1566.173,1570.374,1562.512,1569.081
15-01-2020 00:00,1574.682,1580.282,1570.481,1578.236
16-01-2020 00:00,1575.328,1577.482,1569.835,1575.759
17-01-2020 00:00,1577.913,1583.082,1575.759,1578.667
21-01-2020 00:00,1569.943,1581.682,1567.574,1580.39
22-01-2020 00:00,1579.744,1581.144,1576.513,1580.928
23-01-2020 00:00,1583.19,1589.867,1579.097,1584.482
24-01-2020 00:00,1582.113,1598.053,1582.005,1593.745
27-01-2020 00:00,1607.315,1608.176,1598.914,1604.622
28-01-2020 00:00,1597.837,1599.991,1588.898,1590.298
29-01-2020 00:00,1590.729,1599.991,1589.76,1598.914
30-01-2020 00:00,1601.391,1608.069,1594.068,1599.022
31-01-2020 00:00,1603.438,1612.054,1602.684,1608.284
03-02-2020 00:00,1601.068,1602.361,1590.514,1597.837
04-02-2020 00:00,1582.867,1583.513,1570.266,1577.051
05-02-2020 00:00,1576.513,1581.144,1574.143,1578.99
06-02-2020 00:00,1586.206,1589.975,1583.19,1587.498
07-02-2020 00:00,1592.129,1595.899,1586.852,1591.698
10-02-2020 00:00,1596.222,1598.806,1592.991,1595.791
11-02-2020 00:00,1594.283,1595.683,1583.298,1590.298
12-02-2020 00:00,1587.713,1591.914,1584.913,1589.006
13-02-2020 00:00,1596.545,1600.207,1593.421,1598.053
14-02-2020 00:00,1601.93,1606.13,1600.745,1604.73
18-02-2020 00:00,1614.208,1627.239,1609.792,1625.301
19-02-2020 00:00,1626.27,1635.101,1624.331,1634.778
20-02-2020 00:00,1637.04,1645.979,1636.501,1641.456
21-02-2020 00:00,1663.211,1671.719,1660.519,1666.119
24-02-2020 00:00,1707.045,1707.368,1673.227,1681.089
25-02-2020 00:00,1670.642,1680.982,1646.841,1651.041
26-02-2020 00:00,1656.641,1672.366,1646.733,1658.257
27-02-2020 00:00,1675.597,1683.028,1657.503,1658.58
28-02-2020 00:00,1644.687,1645.333,1583.729,1598.053
02-03-2020 00:00,1615.5,1623.362,1605.161,1606.884
03-03-2020 00:00,1624.547,1671.935,1623.47,1657.395
04-03-2020 00:00,1662.888,1668.919,1655.349,1660.303
05-03-2020 00:00,1680.766,1697.567,1677.104,1696.167
06-03-2020 00:00,1705.214,1715.123,1664.396,1696.814
09-03-2020 00:00,1708.122,1716.415,1683.674,1699.614
10-03-2020 00:00,1682.059,1684.536,1662.78,1663.75
11-03-2020 00:00,1682.813,1685.505,1654.38,1657.826
12-03-2020 00:00,1631.978,1632.194,1581.575,1591.698
13-03-2020 00:00,1609.253,1611.192,1524.817,1543.126
16-03-2020 00:00,1481.521,1539.679,1466.012,1525.463
17-03-2020 00:00,1509.739,1574.574,1507.046,1546.141
18-03-2020 00:00,1526.648,1538.818,1491.645,1515.339
19-03-2020 00:00,1497.892,1513.185,1484.645,1486.691
20-03-2020 00:00,1515.447,1520.401,1498.538,1508.985
23-03-2020 00:00,1536.664,1582.436,1532.356,1575.651
24-03-2020 00:00,1653.195,1676.458,1637.579,1652.118
25-03-2020 00:00,1643.287,1646.518,1626.378,1629.501
26-03-2020 00:00,1651.149,1667.304,1637.902,1650.395
27-03-2020 00:00,1647.81,1653.734,1637.04,1639.733
30-03-2020 00:00,1641.456,1648.672,1632.409,1646.948
31-03-2020 00:00,1630.147,1634.886,1593.637,1594.499
01-04-2020 00:00,1596.114,1616.362,1592.345,1609.576
02-04-2020 00:00,1628.424,1642.425,1623.039,1635.963
03-04-2020 00:00,1639.517,1648.779,1633.378,1644.04
06-04-2020 00:00,1660.303,1693.259,1658.149,1689.598
07-04-2020 00:00,1672.904,1681.628,1662.673,1680.551
08-04-2020 00:00,1679.151,1679.474,1664.934,1665.58
09-04-2020 00:00,1702.522,1713.292,1693.152,1709.091
13-04-2020 00:00,1714.261,1748.833,1708.445,1738.386
14-04-2020 00:00,1752.602,1770.803,1742.371,1752.064
15-04-2020 00:00,1742.586,1750.556,1731.924,1743.125
16-04-2020 00:00,1743.448,1757.125,1730.2,1741.617
17-04-2020 00:00,1720.184,1723.954,1702.952,1707.799
20-04-2020 00:00,1708.337,1725.569,1706.614,1719.969
21-04-2020 00:00,1697.352,1714.692,1691.321,1708.23
22-04-2020 00:00,1728.585,1741.94,1727.723,1741.832
23-04-2020 00:00,1748.94,1761.972,1743.017,1759.172
24-04-2020 00:00,1756.91,1758.849,1732.785,1751.633
27-04-2020 00:00,1743.448,1744.74,1727.616,1740.001
28-04-2020 00:00,1732.785,1733.755,1714.153,1732.247
29-04-2020 00:00,1724.277,1743.125,1720.615,1741.832
30-04-2020 00:00,1725.569,1732.031,1703.06,1710.276
01-05-2020 00:00,1701.66,1728.046,1699.506,1720.831
04-05-2020 00:00,1726.754,1733.431,1722.231,1726.862
05-05-2020 00:00,1724.923,1735.047,1715.984,1734.185
06-05-2020 00:00,1712.322,1721.154,1702.737,1711.891
07-05-2020 00:00,1717.815,1744.309,1716.307,1738.17
08-05-2020 00:00,1734.832,1744.74,1723.2,1727.723
11-05-2020 00:00,1726.862,1730.847,1711.245,1716.953
12-05-2020 00:00,1726.431,1733.431,1720.184,1723.631
13-05-2020 00:00,1733.324,1740.647,1729.016,1740.217
14-05-2020 00:00,1739.678,1759.172,1739.463,1755.618
15-05-2020 00:00,1766.495,1774.896,1756.372,1765.526
18-05-2020 00:00,1769.834,1771.665,1749.156,1752.171
19-05-2020 00:00,1761.972,1770.911,1755.941,1769.08
20-05-2020 00:00,1772.096,1776.619,1765.095,1773.28
21-05-2020 00:00,1760.464,1761.757,1737.955,1747.433
22-05-2020 00:00,1754.218,1760.572,1752.71,1757.772
26-05-2020 00:00,1750.987,1750.987,1730.631,1732.785
27-05-2020 00:00,1716.953,1737.632,1714.584,1735.909
28-05-2020 00:00,1746.032,1749.694,1732.893,1741.724
29-05-2020 00:00,1750.987,1759.818,1748.186,1754.541
01-06-2020 00:00,1754.648,1763.48,1748.94,1762.618
02-06-2020 00:00,1765.095,1767.142,1743.232,1751.202
03-06-2020 00:00,1726.862,1732.893,1710.491,1718.892
04-06-2020 00:00,1735.478,1743.34,1721.477,1736.986
05-06-2020 00:00,1709.414,1709.414,1691.321,1701.768
08-06-2020 00:00,1711.353,1721.692,1706.722,1720.184
09-06-2020 00:00,1735.047,1742.371,1732.57,1736.77
10-06-2020 00:00,1745.817,1762.295,1728.8,1761.649
11-06-2020 00:00,1759.28,1766.926,1744.417,1748.94
12-06-2020 00:00,1759.926,1764.988,1750.771,1751.417
15-06-2020 00:00,1728.8,1750.771,1724.923,1748.294
16-06-2020 00:00,1743.125,1752.171,1737.847,1747.433
17-06-2020 00:00,1744.74,1751.417,1742.263,1750.771
18-06-2020 00:00,1746.894,1748.186,1738.709,1747.325
19-06-2020 00:00,1754.11,1767.249,1753.141,1766.603
22-06-2020 00:00,1777.696,1784.912,1770.696,1778.019
23-06-2020 00:00,1783.835,1793.42,1782.65,1792.99
24-06-2020 00:00,1787.928,1798.482,1781.896,1786.743
25-06-2020 00:00,1786.635,1786.851,1778.773,1785.666
26-06-2020 00:00,1775.65,1793.851,1768.649,1793.636
29-06-2020 00:00,1793.851,1796.436,1789.759,1794.605
30-06-2020 00:00,1791.159,1809.252,1789.866,1802.575
01-07-2020 00:00,1799.129,1799.236,1780.712,1794.497
02-07-2020 00:00,1789.974,1801.175,1788.035,1798.375
06-07-2020 00:00,1806.668,1809.36,1800.636,1809.145
07-07-2020 00:00,1803.006,1820.561,1802.683,1820.561
08-07-2020 00:00,1834.346,1840.162,1828.531,1831.869
09-07-2020 00:00,1836.07,1837.793,1817.761,1826.915
10-07-2020 00:00,1830.361,1832.515,1815.499,1822.176
13-07-2020 00:00,1834.023,1835.423,1821.853,1824.438
14-07-2020 00:00,1819.807,1833.054,1818.084,1832.946
15-07-2020 00:00,1826.807,1835.531,1824.33,1834.562
16-07-2020 00:00,1828.746,1830.9,1816.36,1817.222
17-07-2020 00:00,1830.254,1833.808,1826.7,1832.192
20-07-2020 00:00,1839.085,1842.424,1833.808,1841.024
21-07-2020 00:00,1858.148,1865.903,1855.779,1863.21
22-07-2020 00:00,1874.519,1893.043,1871.395,1891.535
23-07-2020 00:00,1897.351,1921.476,1891.75,1908.229
24-07-2020 00:00,1929.338,1929.553,1919.214,1924.599
27-07-2020 00:00,1958.525,1969.079,1955.078,1962.617
28-07-2020 00:00,1960.355,1984.48,1953.893,1978.988
29-07-2020 00:00,1981.788,2004.728,1964.34,1993.85
30-07-2020 00:00,1975.649,1985.234,1961.54,1979.095
31-07-2020 00:00,1987.173,2000.528,1983.511,1997.081
03-08-2020 00:00,1992.989,2001.281,1983.834,1999.343
04-08-2020 00:00,1999.02,2041.992,1994.712,2041.884
05-08-2020 00:00,2064.07,2080.01,2052.977,2060.84
06-08-2020 00:00,2086.58,2094.226,2073.44,2088.195
07-08-2020 00:00,2075.487,2078.179,2039.084,2055.024
10-08-2020 00:00,2059.224,2074.41,2042.638,2047.915
11-08-2020 00:00,1977.049,1981.465,1932.461,1937.954
12-08-2020 00:00,1966.71,1971.987,1928.261,1928.907
13-08-2020 00:00,1955.401,1989.219,1953.247,1974.464
14-08-2020 00:00,1975.649,1978.664,1954.647,1965.956
17-08-2020 00:00,1989.111,2014.098,1988.788,2008.605
18-08-2020 00:00,2037.469,2039.838,1999.235,2026.699
19-08-2020 00:00,2016.252,2018.944,1957.017,1962.725
20-08-2020 00:00,1951.416,1978.557,1948.616,1976.295
21-08-2020 00:00,1961.648,1968.864,1943.662,1960.463
24-08-2020 00:00,1969.941,1970.156,1946.031,1949.37
25-08-2020 00:00,1950.016,1952.063,1935.692,1951.739
26-08-2020 00:00,1941.4,1977.157,1940.754,1974.787
27-08-2020 00:00,1992.45,1994.281,1931.815,1951.955
28-08-2020 00:00,1981.465,1996.758,1975.218,1985.88
31-08-2020 00:00,1990.188,1998.158,1984.696,1990.619
01-09-2020 00:00,2013.882,2013.882,1985.234,1992.989
02-09-2020 00:00,1978.988,1980.172,1954.755,1966.817
03-09-2020 00:00,1963.371,1968.971,1943.877,1950.878
04-09-2020 00:00,1948.831,1961.217,1939.139,1956.263
08-09-2020 00:00,1933.215,1963.048,1928.045,1952.493
09-09-2020 00:00,1965.525,1973.279,1962.186,1971.449
10-09-2020 00:00,1984.157,1989.004,1963.156,1965.094
11-09-2020 00:00,1972.418,1976.834,1960.248,1964.986
14-09-2020 00:00,1977.049,1984.911,1975.11,1980.495
15-09-2020 00:00,1986.634,1988.896,1970.048,1975.756
16-09-2020 00:00,1992.235,1992.558,1974.464,1981.357
17-09-2020 00:00,1959.278,1971.879,1954.54,1970.479
18-09-2020 00:00,1971.664,1982.649,1967.033,1973.064
21-09-2020 00:00,1936.877,1941.723,1903.598,1933.43
22-09-2020 00:00,1934.615,1938.815,1918.245,1924.06
23-09-2020 00:00,1906.075,1909.09,1875.057,1882.488
24-09-2020 00:00,1877.857,1898.105,1871.503,1889.489
25-09-2020 00:00,1878.396,1887.981,1872.795,1884.104
28-09-2020 00:00,1893.689,1904.244,1885.719,1903.059
29-09-2020 00:00,1908.336,1920.614,1905.751,1919.106
30-09-2020 00:00,1913.937,1923.63,1902.628,1907.582
01-10-2020 00:00,1924.707,1933.215,1917.491,1924.599
02-10-2020 00:00,1924.491,1930.953,1918.783,1922.876
05-10-2020 00:00,1928.045,1940.108,1926.753,1932.246
06-10-2020 00:00,1940.323,1942.585,1906.829,1909.521
07-10-2020 00:00,1907.259,1910.813,1900.151,1908.659
08-10-2020 00:00,1918.999,1921.906,1902.736,1915.445
09-10-2020 00:00,1940,1951.201,1937.846,1950.232
12-10-2020 00:00,1944.739,1947.539,1940.646,1944.631
13-10-2020 00:00,1923.091,1923.522,1907.367,1914.044
14-10-2020 00:00,1928.799,1934.184,1919.968,1919.968
15-10-2020 00:00,1913.937,1929.445,1912.644,1926.968
16-10-2020 00:00,1930.199,1931.276,1918.46,1920.291
19-10-2020 00:00,1932.246,1933,1921.045,1921.26
20-10-2020 00:00,1922.876,1935.046,1917.922,1930.523
21-10-2020 00:00,1943.662,1952.709,1941.077,1945.062
22-10-2020 00:00,1926.538,1928.153,1914.044,1925.999
23-10-2020 00:00,1928.799,1929.984,1914.475,1923.953
26-10-2020 00:00,1925.138,1929.338,1919.429,1922.984
27-10-2020 00:00,1924.707,1932.461,1922.553,1928.045
28-10-2020 00:00,1900.366,1904.675,1889.489,1896.92
29-10-2020 00:00,1884.965,1897.028,1882.919,1889.058
30-10-2020 00:00,1908.229,1910.167,1894.981,1897.674
02-11-2020 00:00,1911.136,1916.306,1907.69,1916.091
03-11-2020 00:00,1927.291,1932.03,1920.291,1926.968
04-11-2020 00:00,1927.076,1929.876,1913.398,1925.891
05-11-2020 00:00,1949.37,1974.033,1949.047,1970.156
06-11-2020 00:00,1975.218,1976.618,1962.186,1972.956
09-11-2020 00:00,1900.043,1900.366,1870.103,1885.612
10-11-2020 00:00,1903.598,1905.321,1891.858,1891.858
11-11-2020 00:00,1881.519,1887.766,1878.719,1883.673
12-11-2020 00:00,1895.951,1903.813,1893.797,1895.089
13-11-2020 00:00,1913.29,1914.906,1904.567,1908.013
16-11-2020 00:00,1908.767,1916.091,1904.89,1907.905
17-11-2020 00:00,1908.983,1911.029,1896.489,1900.905
18-11-2020 00:00,1898.32,1904.782,1888.52,1890.027
19-11-2020 00:00,1877.211,1887.119,1875.811,1886.473
20-11-2020 00:00,1896.812,1899.613,1890.997,1892.181
23-11-2020 00:00,1885.827,1887.335,1850.071,1854.917
24-11-2020 00:00,1823.361,1827.561,1818.622,1826.484
25-11-2020 00:00,1830.685,1836.5,1822.715,1825.623
27-11-2020 00:00,1797.513,1807.529,1796.221,1807.098
30-11-2020 00:00,1795.144,1803.221,1788.143,1795.036
01-12-2020 00:00,1828.315,1836.07,1823.361,1832.839
02-12-2020 00:00,1837.039,1849.855,1832.515,1846.624
03-12-2020 00:00,1859.333,1861.595,1842.532,1861.164
04-12-2020 00:00,1860.841,1866.656,1848.024,1855.886
07-12-2020 00:00,1858.471,1887.873,1857.933,1883.565
08-12-2020 00:00,1890.243,1894.766,1881.734,1890.135
09-12-2020 00:00,1873.118,1874.411,1844.255,1857.825
10-12-2020 00:00,1862.133,1869.457,1849.209,1854.271
11-12-2020 00:00,1855.133,1866.656,1853.625,1857.717
14-12-2020 00:00,1851.471,1858.04,1840.701,1847.486
15-12-2020 00:00,1867.841,1873.765,1863.856,1873.334
16-12-2020 00:00,1875.38,1884.965,1863.425,1883.673
17-12-2020 00:00,1907.905,1915.66,1901.767,1903.49
18-12-2020 00:00,1902.52,1906.075,1896.597,1900.259
21-12-2020 00:00,1898.643,1905.644,1892.935,1894.228
22-12-2020 00:00,1897.674,1899.182,1877.642,1879.257
23-12-2020 00:00,1885.827,1897.782,1885.396,1891.75
24-12-2020 00:00,1890.674,1899.505,1890.243,1899.29
28-12-2020 00:00,1909.09,1916.091,1891.535,1892.397
29-12-2020 00:00,1898.213,1905.967,1890.889,1899.29
30-12-2020 00:00,1900.259,1914.044,1900.259,1913.829
31-12-2020 00:00,1917.814,1921.368,1909.736,1920.937
04-01-2021 00:00,1959.817,1964.448,1948.939,1963.694
05-01-2021 00:00,1969.51,1973.172,1958.201,1969.51
06-01-2021 00:00,1954.647,1955.617,1919.645,1937.523
07-01-2021 00:00,1935.261,1937.738,1926.107,1933
08-01-2021 00:00,1904.459,1906.182,1846.84,1866.872
11-01-2021 00:00,1853.948,1870.534,1852.763,1863.21
12-01-2021 00:00,1864.61,1875.919,1855.886,1875.272
13-01-2021 00:00,1870.534,1878.934,1863.749,1867.195
14-01-2021 00:00,1867.949,1876.349,1859.548,1866.226
15-01-2021 00:00,1861.487,1863.964,1841.455,1843.07
19-01-2021 00:00,1860.087,1861.595,1851.578,1858.687
20-01-2021 00:00,1877.965,1889.812,1872.041,1888.95
21-01-2021 00:00,1885.935,1890.243,1879.473,1887.766
22-01-2021 00:00,1862.025,1877.103,1856.21,1872.903
25-01-2021 00:00,1882.811,1884.319,1865.256,1874.519
26-01-2021 00:00,1873.765,1876.78,1867.733,1869.887
27-01-2021 00:00,1862.456,1868.81,1848.778,1858.04
28-01-2021 00:00,1876.996,1881.842,1852.871,1859.764
29-01-2021 00:00,1883.35,1886.473,1859.01,1859.01
01-02-2021 00:00,1884.965,1887.55,1874.626,1876.457
02-02-2021 00:00,1857.717,1858.148,1847.163,1853.625
03-02-2021 00:00,1856.317,1858.794,1847.055,1850.825
04-02-2021 00:00,1812.483,1813.668,1802.252,1810.975
05-02-2021 00:00,1820.022,1832.839,1816.576,1828.854
08-02-2021 00:00,1852.225,1856.748,1846.947,1847.27
09-02-2021 00:00,1858.579,1863.533,1849.748,1853.302
10-02-2021 00:00,1864.825,1865.579,1852.548,1860.087
11-02-2021 00:00,1859.979,1861.81,1838.547,1843.932
12-02-2021 00:00,1834.023,1848.67,1829.608,1838.331
16-02-2021 00:00,1810.868,1831.654,1806.452,1811.945
17-02-2021 00:00,1797.728,1802.252,1786.205,1791.374
18-02-2021 00:00,1798.375,1801.821,1784.912,1791.266
19-02-2021 00:00,1796.005,1808.714,1794.282,1798.698
22-02-2021 00:00,1815.176,1829.715,1812.591,1825.623
23-02-2021 00:00,1825.3,1828.1,1812.376,1821.422
24-02-2021 00:00,1805.59,1821.638,1800.205,1820.13
25-02-2021 00:00,1797.728,1805.698,1781.896,1785.881
26-02-2021 00:00,1777.05,1778.127,1733.431,1742.694
01-03-2021 00:00,1755.833,1759.28,1735.693,1739.678
02-03-2021 00:00,1743.986,1754.756,1736.339,1749.156
03-03-2021 00:00,1729.77,1741.401,1717.707,1729.877
04-03-2021 00:00,1729.662,1738.924,1706.291,1712.861
05-03-2021 00:00,1719.538,1721.261,1707.584,1713.938
08-03-2021 00:00,1707.907,1709.63,1692.29,1696.167
09-03-2021 00:00,1731.278,1736.663,1727.723,1732.247
10-03-2021 00:00,1734.616,1742.371,1730.308,1741.078
11-03-2021 00:00,1739.032,1744.525,1735.262,1739.57
12-03-2021 00:00,1718.246,1741.401,1716.2,1739.247
15-03-2021 00:00,1748.079,1750.664,1738.601,1746.894
16-03-2021 00:00,1748.617,1757.664,1742.694,1748.51
17-03-2021 00:00,1747.648,1767.895,1739.14,1761.003
18-03-2021 00:00,1735.585,1753.571,1735.155,1750.771
19-03-2021 00:00,1750.771,1760.141,1749.371,1758.095
22-03-2021 00:00,1747.648,1756.91,1746.463,1755.51
23-03-2021 00:00,1749.586,1750.017,1740.324,1742.694
24-03-2021 00:00,1747.002,1754.325,1744.094,1748.725
25-03-2021 00:00,1756.156,1761.757,1737.416,1742.371
26-03-2021 00:00,1741.617,1752.602,1740.97,1747.325
29-03-2021 00:00,1738.924,1739.57,1721.369,1726.539
30-03-2021 00:00,1701.014,1703.814,1696.814,1697.029
31-03-2021 00:00,1702.306,1730.524,1702.199,1722.769
01-04-2021 00:00,1740.001,1745.925,1736.986,1744.525
05-04-2021 00:00,1739.57,1749.048,1737.847,1743.878
06-04-2021 00:00,1753.248,1761.218,1752.818,1757.879
07-04-2021 00:00,1753.571,1758.849,1750.125,1752.925
08-04-2021 00:00,1768.111,1774.573,1767.788,1771.773
09-04-2021 00:00,1752.818,1762.618,1749.91,1758.418
12-04-2021 00:00,1752.602,1753.356,1742.694,1747.756
13-04-2021 00:00,1757.449,1764.665,1755.833,1760.141
14-04-2021 00:00,1753.033,1756.049,1747.971,1752.494
15-04-2021 00:00,1767.034,1785.558,1766.603,1780.82
16-04-2021 00:00,1790.405,1796.544,1787.174,1791.59
19-04-2021 00:00,1786.851,1792.559,1784.804,1786.635
20-04-2021 00:00,1784.05,1796.544,1783.727,1792.99
21-04-2021 00:00,1800.529,1813.56,1800.205,1810.76
22-04-2021 00:00,1799.775,1804.298,1793.097,1799.021
23-04-2021 00:00,1802.575,1804.298,1785.451,1792.128
26-04-2021 00:00,1794.605,1797.19,1788.359,1796.867
27-04-2021 00:00,1797.728,1800.205,1790.836,1792.343
28-04-2021 00:00,1785.128,1798.159,1782.327,1797.621
29-04-2021 00:00,1783.297,1790.62,1771.342,1790.189
30-04-2021 00:00,1786.312,1787.82,1779.635,1784.158
03-05-2021 00:00,1805.16,1813.991,1803.006,1807.314
04-05-2021 00:00,1806.021,1815.284,1782.435,1794.067
05-05-2021 00:00,1794.605,1801.929,1794.39,1801.498
06-05-2021 00:00,1808.821,1834.023,1808.498,1831.546
07-05-2021 00:00,1847.378,1858.364,1841.67,1848.024
10-05-2021 00:00,1860.41,1861.487,1850.071,1853.625
11-05-2021 00:00,1836.931,1854.271,1833.808,1853.948
12-05-2021 00:00,1846.301,1850.717,1834.67,1835.531
13-05-2021 00:00,1834.67,1844.578,1833.377,1843.07
14-05-2021 00:00,1852.979,1859.979,1850.501,1859.871
17-05-2021 00:00,1866.441,1884.75,1866.226,1881.519
18-05-2021 00:00,1886.689,1887.012,1878.934,1885.181
19-05-2021 00:00,1886.258,1906.29,1877.75,1886.473
20-05-2021 00:00,1888.196,1900.474,1885.935,1895.089
21-05-2021 00:00,1901.767,1904.782,1886.365,1895.951
24-05-2021 00:00,1897.135,1901.874,1894.12,1899.29
25-05-2021 00:00,1897.135,1916.521,1895.951,1916.521
26-05-2021 00:00,1921.045,1923.63,1906.721,1913.183
27-05-2021 00:00,1910.49,1915.121,1904.244,1913.937
28-05-2021 00:00,1911.244,1921.691,1908.875,1921.153
01-06-2021 00:00,1925.245,1926.215,1908.336,1915.983
02-06-2021 00:00,1920.722,1925.461,1916.737,1925.353
03-06-2021 00:00,1893.689,1893.689,1881.088,1887.658
04-06-2021 00:00,1902.52,1912.429,1902.09,1908.013
07-06-2021 00:00,1905.859,1915.983,1902.305,1915.66
08-06-2021 00:00,1908.767,1912.106,1899.505,1909.736
09-06-2021 00:00,1910.383,1914.906,1903.921,1906.075
10-06-2021 00:00,1903.059,1915.445,1900.69,1914.26
11-06-2021 00:00,1899.074,1901.659,1889.92,1892.72
14-06-2021 00:00,1864.933,1885.396,1862.671,1881.627
15-06-2021 00:00,1882.381,1883.888,1866.872,1874.519
16-06-2021 00:00,1873.011,1879.042,1841.993,1842.855
17-06-2021 00:00,1798.805,1805.267,1781.789,1786.205
18-06-2021 00:00,1789.328,1795.574,1775.65,1776.296
21-06-2021 00:00,1793.42,1800.959,1787.82,1798.051
22-06-2021 00:00,1791.59,1797.728,1787.928,1790.513
23-06-2021 00:00,1798.267,1809.683,1787.497,1789.328
24-06-2021 00:00,1798.59,1801.067,1787.928,1788.251
25-06-2021 00:00,1803.436,1804.298,1790.943,1794.174
28-06-2021 00:00,1795.144,1797.621,1791.697,1794.067
29-06-2021 00:00,1769.942,1780.066,1766.388,1775.219
30-06-2021 00:00,1772.419,1788.897,1769.403,1783.835
01-07-2021 00:00,1794.82,1797.298,1782.435,1789.974
02-07-2021 00:00,1802.36,1806.344,1792.128,1801.713
06-07-2021 00:00,1823.038,1827.13,1804.406,1810.652
07-07-2021 00:00,1817.114,1822.607,1811.406,1817.545
08-07-2021 00:00,1828.961,1829.392,1808.391,1816.36
09-07-2021 00:00,1818.407,1826.807,1816.468,1822.392
12-07-2021 00:00,1816.899,1821.853,1805.483,1820.13
13-07-2021 00:00,1825.623,1829.823,1819.376,1822.499
14-07-2021 00:00,1840.701,1842.101,1833.916,1842.101
15-07-2021 00:00,1840.485,1844.901,1834.562,1842.424
16-07-2021 00:00,1837.9,1841.131,1823.146,1824.546
19-07-2021 00:00,1825.623,1829.931,1818.945,1826.7
20-07-2021 00:00,1836.393,1839.516,1819.268,1824.33
21-07-2021 00:00,1812.914,1820.13,1810.868,1817.545
22-07-2021 00:00,1814.637,1822.176,1810.006,1821.099
23-07-2021 00:00,1814.745,1818.838,1808.821,1815.391
26-07-2021 00:00,1815.607,1818.622,1810.222,1811.083
27-07-2021 00:00,1817.222,1819.161,1808.606,1814.099
28-07-2021 00:00,1812.16,1824.223,1806.344,1823.253
29-07-2021 00:00,1838.439,1847.27,1838.116,1843.501
30-07-2021 00:00,1838.654,1841.562,1824.223,1828.961
02-08-2021 00:00,1823.361,1833.593,1821.207,1826.7
03-08-2021 00:00,1824.653,1829.069,1822.392,1825.407
04-08-2021 00:00,1844.686,1845.978,1820.022,1825.838
05-08-2021 00:00,1824.115,1824.869,1811.514,1818.622
06-08-2021 00:00,1786.097,1787.066,1772.204,1773.173
09-08-2021 00:00,1755.618,1758.633,1736.77,1741.724
10-08-2021 00:00,1738.17,1745.925,1730.524,1742.263
11-08-2021 00:00,1757.125,1768.111,1752.064,1766.28
12-08-2021 00:00,1762.51,1767.357,1754.756,1766.711
13-08-2021 00:00,1777.265,1792.774,1775.865,1792.02
16-08-2021 00:00,1795.682,1802.79,1794.174,1800.959
17-08-2021 00:00,1801.713,1806.452,1793.851,1798.267
18-08-2021 00:00,1801.175,1804.083,1790.62,1799.667
19-08-2021 00:00,1801.175,1801.713,1789.543,1794.39
20-08-2021 00:00,1796.436,1800.098,1791.697,1795.359
23-08-2021 00:00,1818.191,1819.161,1808.929,1817.222
24-08-2021 00:00,1820.561,1823.038,1814.96,1816.36
25-08-2021 00:00,1808.068,1808.498,1795.79,1803.76
26-08-2021 00:00,1800.852,1811.622,1796.759,1805.806
27-08-2021 00:00,1804.837,1832.946,1797.19,1832.946
30-08-2021 00:00,1827.238,1829.177,1821.099,1823.9
31-08-2021 00:00,1822.607,1830.038,1817.438,1827.561
01-09-2021 00:00,1830.254,1830.9,1821.853,1827.669
02-09-2021 00:00,1825.515,1826.915,1818.191,1822.823
03-09-2021 00:00,1837.254,1847.594,1832.515,1842.316
07-09-2021 00:00,1826.161,1828.531,1805.375,1806.237
08-09-2021 00:00,1809.575,1810.222,1795.359,1801.713
09-09-2021 00:00,1811.191,1812.376,1796.759,1809.683
10-09-2021 00:00,1807.314,1810.222,1800.205,1800.529
13-09-2021 00:00,1803.436,1811.729,1802.898,1806.56
14-09-2021 00:00,1811.729,1821.853,1803.76,1818.191
15-09-2021 00:00,1810.76,1813.237,1803.436,1807.529
16-09-2021 00:00,1770.373,1771.019,1757.987,1766.603
17-09-2021 00:00,1764.772,1769.726,1759.818,1763.803
20-09-2021 00:00,1769.403,1780.066,1767.034,1776.404
21-09-2021 00:00,1785.774,1794.605,1782.327,1788.251
22-09-2021 00:00,1786.635,1800.205,1777.373,1781.573
23-09-2021 00:00,1767.357,1768.434,1758.418,1761.003
24-09-2021 00:00,1755.51,1766.28,1752.71,1758.741
27-09-2021 00:00,1764.665,1770.157,1761.003,1762.403
28-09-2021 00:00,1752.602,1753.571,1741.832,1745.279
29-09-2021 00:00,1748.51,1752.71,1733.647,1737.416
30-09-2021 00:00,1751.848,1776.511,1748.402,1768.649
01-10-2021 00:00,1769.188,1776.619,1765.095,1772.634
04-10-2021 00:00,1762.941,1782.866,1760.572,1780.927
05-10-2021 00:00,1765.634,1775.435,1760.787,1772.634
06-10-2021 00:00,1768.757,1777.696,1767.895,1777.373
07-10-2021 00:00,1766.495,1775.435,1765.849,1768.003
08-10-2021 00:00,1791.266,1792.343,1767.788,1768.757
11-10-2021 00:00,1766.711,1772.527,1765.311,1765.418
12-10-2021 00:00,1772.419,1781.789,1769.619,1773.388
13-10-2021 00:00,1780.066,1808.498,1780.066,1804.944
14-10-2021 00:00,1811.406,1811.729,1806.237,1809.36
15-10-2021 00:00,1781.25,1788.789,1778.127,1780.604
18-10-2021 00:00,1781.573,1783.404,1775.004,1776.188
19-10-2021 00:00,1793.205,1793.205,1779.204,1781.896
20-10-2021 00:00,1790.082,1799.775,1787.066,1797.513
21-10-2021 00:00,1795.359,1797.944,1790.405,1795.898
22-10-2021 00:00,1816.576,1825.946,1795.036,1806.883
25-10-2021 00:00,1816.468,1822.392,1815.068,1819.376
26-10-2021 00:00,1808.068,1808.391,1794.605,1805.914
27-10-2021 00:00,1806.452,1811.514,1797.082,1810.652
28-10-2021 00:00,1819.915,1822.823,1804.298,1810.222
29-10-2021 00:00,1790.943,1795.682,1783.943,1794.82
01-11-2021 00:00,1802.683,1807.637,1797.621,1804.19
02-11-2021 00:00,1803.221,1805.375,1798.159,1800.313
03-11-2021 00:00,1780.712,1787.281,1770.373,1785.343
04-11-2021 00:00,1804.083,1810.868,1802.575,1805.59
05-11-2021 00:00,1813.883,1830.254,1807.745,1829.177
08-11-2021 00:00,1835.531,1838.439,1831.546,1835.746
09-11-2021 00:00,1838.762,1845.009,1832.192,1844.793
10-11-2021 00:00,1870.426,1880.98,1853.625,1864.825
11-11-2021 00:00,1873.765,1876.888,1871.18,1875.272
12-11-2021 00:00,1868.703,1881.196,1867.518,1878.826
15-11-2021 00:00,1875.057,1880.334,1870.641,1875.919
16-11-2021 00:00,1873.657,1879.15,1861.702,1862.348
17-11-2021 00:00,1876.565,1880.55,1872.795,1879.365
18-11-2021 00:00,1873.549,1877.857,1868.918,1873.334
19-11-2021 00:00,1870.641,1875.057,1855.025,1859.01
22-11-2021 00:00,1829.823,1835.639,1813.883,1817.33
23-11-2021 00:00,1801.606,1805.052,1793.528,1801.606
24-11-2021 00:00,1794.067,1803.329,1791.266,1799.882
26-11-2021 00:00,1815.822,1816.253,1791.805,1796.975
29-11-2021 00:00,1796.867,1801.39,1791.913,1794.497
30-11-2021 00:00,1806.883,1820.238,1781.035,1782.435
01-12-2021 00:00,1796.867,1803.652,1788.466,1789.543
02-12-2021 00:00,1786.635,1787.174,1773.065,1779.635
03-12-2021 00:00,1782.327,1797.836,1777.05,1794.605
06-12-2021 00:00,1789.328,1796.436,1787.066,1790.189
07-12-2021 00:00,1789.974,1799.452,1789.759,1796.544
08-12-2021 00:00,1793.313,1798.159,1790.836,1797.513
09-12-2021 00:00,1793.636,1794.067,1784.05,1786.528
10-12-2021 00:00,1795.574,1797.728,1789.759,1794.067
13-12-2021 00:00,1797.513,1801.39,1795.036,1798.59
14-12-2021 00:00,1780.712,1789.328,1778.773,1781.789
15-12-2021 00:00,1779.958,1792.128,1764.126,1789.435
16-12-2021 00:00,1798.698,1811.299,1797.944,1811.083
17-12-2021 00:00,1817.222,1821.53,1806.991,1807.206
20-12-2021 00:00,1808.068,1809.36,1799.236,1799.559
21-12-2021 00:00,1806.021,1806.991,1795.79,1798.805
22-12-2021 00:00,1804.837,1816.253,1799.775,1815.714
23-12-2021 00:00,1816.791,1821.853,1809.468,1819.807
27-12-2021 00:00,1819.699,1824.653,1817.761,1824.115
28-12-2021 00:00,1823.684,1827.13,1816.037,1816.253
29-12-2021 00:00,1802.467,1816.791,1801.606,1815.714
30-12-2021 00:00,1813.991,1828.854,1813.345,1828.746
31-12-2021 00:00,1836.608,1842.101,1831.331,1841.239
03-01-2022 00:00,1818.622,1820.238,1809.36,1812.914
04-01-2022 00:00,1819.053,1827.884,1817.222,1826.269
05-01-2022 00:00,1837.577,1840.916,1819.053,1820.776
06-01-2022 00:00,1800.313,1806.668,1797.082,1798.482
07-01-2022 00:00,1802.575,1809.468,1797.082,1806.668
10-01-2022 00:00,1802.467,1812.591,1801.929,1812.16
11-01-2022 00:00,1814.099,1834.239,1813.345,1834.023
12-01-2022 00:00,1832.946,1838.978,1831.008,1838.87
13-01-2022 00:00,1831.869,1833.269,1823.038,1832.623
14-01-2022 00:00,1833.269,1836.931,1825.3,1827.346
18-01-2022 00:00,1827.023,1831.008,1821.099,1824.33
19-01-2022 00:00,1835.1,1854.486,1833.054,1853.302
20-01-2022 00:00,1855.779,1858.902,1848.024,1848.67
21-01-2022 00:00,1852.871,1853.732,1838.87,1842.639
24-01-2022 00:00,1850.071,1853.948,1840.055,1852.763
25-01-2022 00:00,1851.901,1864.825,1850.071,1858.687
26-01-2022 00:00,1845.87,1849.532,1825.3,1828.638
27-01-2022 00:00,1809.575,1821.099,1802.144,1805.052
28-01-2022 00:00,1793.851,1803.544,1791.805,1799.667
31-01-2022 00:00,1807.098,1810.868,1803.544,1810.329
01-02-2022 00:00,1815.499,1818.515,1807.96,1811.837
02-02-2022 00:00,1813.022,1821.422,1811.083,1818.407
03-02-2022 00:00,1812.699,1818.191,1798.913,1815.822
04-02-2022 00:00,1809.791,1821.207,1809.252,1818.622
07-02-2022 00:00,1824.976,1834.131,1822.176,1832.085
08-02-2022 00:00,1831.977,1839.301,1830.361,1837.685
09-02-2022 00:00,1838.224,1846.193,1836.824,1843.932
10-02-2022 00:00,1836.5,1852.332,1835.854,1836.931
11-02-2022 00:00,1838.978,1876.134,1838.547,1871.934
14-02-2022 00:00,1871.611,1884.75,1870.534,1881.95
15-02-2022 00:00,1864.287,1866.872,1856.64,1864.072
16-02-2022 00:00,1868.487,1883.242,1868.38,1883.242
17-02-2022 00:00,1903.059,1911.998,1899.72,1908.983
18-02-2022 00:00,1907.044,1908.983,1901.013,1907.582
22-02-2022 00:00,1913.506,1917.814,1904.351,1911.567
23-02-2022 00:00,1910.49,1921.26,1910.167,1920.183
24-02-2022 00:00,1966.494,1966.602,1887.658,1907.798
25-02-2022 00:00,1900.043,1904.028,1893.258,1901.444
28-02-2022 00:00,1926.322,1927.722,1900.905,1921.153
01-03-2022 00:00,1928.369,1957.555,1928.153,1956.047
02-03-2022 00:00,1940,1946.247,1925.568,1935.692
03-03-2022 00:00,1938.169,1952.601,1933.215,1947.216
04-03-2022 00:00,1961.325,1981.465,1953.247,1978.234
07-03-2022 00:00,1986.526,2010.113,1984.049,2007.636
08-03-2022 00:00,2028.53,2081.841,2027.56,2062.563
09-03-2022 00:00,2003.651,2016.467,1989.865,2001.281
10-03-2022 00:00,2012.698,2018.083,1992.342,2007.528
11-03-2022 00:00,1978.88,2000.851,1975.649,1993.419
14-03-2022 00:00,1971.233,1974.033,1959.601,1963.371
15-03-2022 00:00,1928.907,1941.508,1917.168,1926.645
16-03-2022 00:00,1929.23,1939.892,1904.89,1938.708
17-03-2022 00:00,1951.093,1960.463,1945.6,1948.185
18-03-2022 00:00,1937.846,1948.616,1928.261,1931.061
21-03-2022 00:00,1931.384,1952.493,1931.276,1945.816
22-03-2022 00:00,1934.292,1935.477,1920.506,1931.707
23-03-2022 00:00,1941.723,1958.955,1936.015,1958.094
24-03-2022 00:00,1963.91,1976.403,1957.663,1972.31
25-03-2022 00:00,1958.094,1972.31,1953.14,1964.233
28-03-2022 00:00,1942.693,1952.924,1926.215,1928.476
29-03-2022 00:00,1906.505,1931.384,1902.951,1929.338
30-03-2022 00:00,1936.015,1948.508,1935.154,1944.847
31-03-2022 00:00,1948.401,1959.709,1944.631,1945.6
01-04-2022 00:00,1933.754,1943.554,1927.615,1933.215
04-04-2022 00:00,1941.185,1947.324,1934.077,1942.585
05-04-2022 00:00,1948.401,1954.647,1927.076,1930.415
06-04-2022 00:00,1936.231,1941.939,1924.599,1934.938
07-04-2022 00:00,1937.2,1948.078,1936.446,1942.262
08-04-2022 00:00,1944.2,1958.201,1944.2,1954.432
11-04-2022 00:00,1972.741,1974.464,1950.555,1964.125
12-04-2022 00:00,1982.111,1988.573,1970.479,1979.203
13-04-2022 00:00,1987.065,1991.804,1983.08,1988.68
14-04-2022 00:00,1984.696,1986.096,1969.618,1982.111
18-04-2022 00:00,2002.681,2004.297,1985.88,1988.25
19-04-2022 00:00,1972.956,1977.91,1952.924,1958.201
20-04-2022 00:00,1955.724,1967.894,1953.14,1967.787
21-04-2022 00:00,1957.663,1963.586,1947.001,1960.786
22-04-2022 00:00,1946.354,1955.94,1935.8,1941.723
25-04-2022 00:00,1908.121,1911.783,1900.69,1906.829
26-04-2022 00:00,1916.521,1920.291,1905.428,1909.736
27-04-2022 00:00,1900.474,1902.413,1890.135,1895.305
28-04-2022 00:00,1894.658,1905.967,1892.181,1905.536
29-04-2022 00:00,1917.814,1923.737,1903.167,1905.321
02-05-2022 00:00,1869.78,1880.98,1862.995,1869.995
03-05-2022 00:00,1872.795,1887.012,1872.365,1874.949
04-05-2022 00:00,1877.426,1899.29,1870.426,1893.366
05-05-2022 00:00,1912.321,1912.86,1881.088,1886.15
06-05-2022 00:00,1888.95,1901.551,1883.242,1889.273
09-05-2022 00:00,1876.888,1876.888,1860.948,1861.918
10-05-2022 00:00,1871.826,1873.549,1843.824,1846.193
11-05-2022 00:00,1857.933,1866.656,1854.594,1861.271
12-05-2022 00:00,1853.194,1856.748,1829.823,1832.731
13-05-2022 00:00,1812.699,1826.807,1809.468,1817.868
16-05-2022 00:00,1813.991,1835.531,1813.022,1835.208
17-05-2022 00:00,1835.639,1836.608,1821.638,1823.684
18-05-2022 00:00,1820.238,1833.162,1818.084,1824.653
19-05-2022 00:00,1847.594,1858.04,1840.485,1851.471
20-05-2022 00:00,1849.317,1855.025,1840.485,1852.763
23-05-2022 00:00,1864.61,1867.303,1855.456,1861.379
24-05-2022 00:00,1868.272,1878.396,1866.98,1875.38
25-05-2022 00:00,1860.948,1864.933,1849.532,1864.072
26-05-2022 00:00,1853.84,1862.456,1849.855,1860.625
27-05-2022 00:00,1868.487,1868.81,1859.333,1861.595
31-05-2022 00:00,1860.087,1863.964,1842.532,1843.178
01-06-2022 00:00,1854.702,1858.148,1845.87,1854.917
02-06-2022 00:00,1870.318,1878.826,1868.487,1877.75
03-06-2022 00:00,1868.918,1873.657,1855.133,1858.687
06-06-2022 00:00,1861.164,1862.025,1848.67,1850.501
07-06-2022 00:00,1853.625,1863.749,1852.332,1862.564
08-06-2022 00:00,1862.025,1868.056,1859.656,1860.841
09-06-2022 00:00,1857.286,1858.794,1847.917,1854.917
10-06-2022 00:00,1840.485,1884.104,1835.854,1879.796
13-06-2022 00:00,1843.609,1845.332,1826.7,1830.146
14-06-2022 00:00,1826.7,1827.992,1812.591,1815.499
15-06-2022 00:00,1835.208,1850.717,1820.992,1839.193
16-06-2022 00:00,1836.931,1860.733,1832.731,1859.871
17-06-2022 00:00,1854.055,1855.671,1841.347,1844.578
21-06-2022 00:00,1842.316,1851.471,1835.962,1837.685
22-06-2022 00:00,1848.24,1855.671,1842.747,1845.009
23-06-2022 00:00,1845.87,1853.84,1829.823,1833.7
24-06-2022 00:00,1833.485,1838.87,1829.285,1831.869
27-06-2022 00:00,1837.362,1838.116,1828.208,1829.823
28-06-2022 00:00,1831.654,1833.162,1825.623,1826.807
29-06-2022 00:00,1837.147,1838.439,1821.961,1825.407
30-06-2022 00:00,1825.623,1830.469,1811.945,1814.314
01-07-2022 00:00,1800.098,1816.684,1798.159,1812.806
05-07-2022 00:00,1800.529,1802.144,1770.696,1774.358
06-07-2022 00:00,1769.726,1772.419,1739.032,1746.248
07-07-2022 00:00,1749.371,1755.941,1745.386,1747.217
08-07-2022 00:00,1748.51,1759.603,1743.017,1747.971
11-07-2022 00:00,1743.986,1749.479,1738.063,1738.601
12-07-2022 00:00,1736.339,1740.647,1730.954,1732.139
13-07-2022 00:00,1724.277,1752.387,1723.846,1740.432
14-07-2022 00:00,1712.645,1721.369,1704.029,1715.984
15-07-2022 00:00,1712.538,1715.123,1705.43,1712.538
18-07-2022 00:00,1724.062,1727.831,1712.969,1714.153
19-07-2022 00:00,1717.492,1721.8,1715.984,1718.246
20-07-2022 00:00,1720.077,1721.261,1701.983,1702.091
21-07-2022 00:00,1704.999,1726.539,1704.568,1726.108
22-07-2022 00:00,1729.124,1746.14,1726.97,1730.416
25-07-2022 00:00,1730.093,1730.739,1721.154,1725.677
26-07-2022 00:00,1725.677,1728.585,1720.938,1723.631
27-07-2022 00:00,1723.415,1747.002,1717.923,1741.186
28-07-2022 00:00,1758.849,1763.695,1754.218,1762.403
29-07-2022 00:00,1765.095,1773.711,1758.526,1767.357
01-08-2022 00:00,1776.835,1781.466,1770.696,1777.373
02-08-2022 00:00,1784.158,1792.774,1766.495,1766.819
03-08-2022 00:00,1774.573,1776.081,1760.68,1771.126
04-08-2022 00:00,1782.758,1801.929,1780.712,1800.421
05-08-2022 00:00,1776.942,1786.097,1775.65,1780.173
08-08-2022 00:00,1788.143,1796.544,1787.066,1795.251
09-08-2022 00:00,1803.76,1807.206,1796.651,1800.744
10-08-2022 00:00,1802.79,1809.145,1794.497,1796.221
11-08-2022 00:00,1800.313,1805.698,1791.159,1791.482
12-08-2022 00:00,1800.421,1808.714,1796.759,1807.96
15-08-2022 00:00,1787.712,1790.513,1781.789,1784.697
16-08-2022 00:00,1780.389,1784.804,1778.989,1781.573
17-08-2022 00:00,1779.312,1779.527,1765.741,1770.05
18-08-2022 00:00,1772.742,1776.081,1761.326,1765.418
19-08-2022 00:00,1762.51,1763.48,1751.417,1752.494
22-08-2022 00:00,1741.078,1746.032,1737.847,1740.863
23-08-2022 00:00,1744.309,1760.141,1743.771,1753.033
24-08-2022 00:00,1749.479,1762.08,1748.725,1758.203
25-08-2022 00:00,1765.957,1766.172,1758.095,1763.588
26-08-2022 00:00,1756.802,1762.08,1739.894,1742.155
29-08-2022 00:00,1743.448,1751.417,1741.509,1743.232
30-08-2022 00:00,1736.878,1738.601,1726.862,1728.693
31-08-2022 00:00,1717.815,1729.339,1715.23,1715.338
01-09-2022 00:00,1703.491,1705.86,1694.336,1700.26
02-09-2022 00:00,1716.2,1723.846,1713.938,1715.23
06-09-2022 00:00,1714.261,1717.384,1705.106,1705.214
07-09-2022 00:00,1703.275,1724.815,1702.522,1722.554
08-09-2022 00:00,1718.246,1721.692,1709.307,1712.215
09-09-2022 00:00,1720.184,1725.785,1716.846,1721.261
12-09-2022 00:00,1734.401,1740.647,1729.124,1729.985
13-09-2022 00:00,1706.722,1715.338,1705.86,1707.476
14-09-2022 00:00,1708.984,1712.215,1698.752,1700.906
15-09-2022 00:00,1688.305,1696.167,1665.257,1669.135
16-09-2022 00:00,1665.688,1686.151,1662.242,1678.397
19-09-2022 00:00,1667.95,1680.551,1667.411,1679.689
20-09-2022 00:00,1669.673,1671.827,1664.934,1670.104
21-09-2022 00:00,1679.797,1693.583,1658.688,1677.858
22-09-2022 00:00,1682.92,1685.29,1672.689,1676.889
23-09-2022 00:00,1657.503,1658.58,1643.933,1647.918
26-09-2022 00:00,1650.179,1653.303,1626.593,1628.747
27-09-2022 00:00,1639.733,1644.902,1631.655,1632.086
28-09-2022 00:00,1649.964,1668.058,1647.056,1666.011
29-09-2022 00:00,1660.088,1669.673,1649.533,1665.688
30-09-2022 00:00,1668.704,1680.551,1664.719,1665.796
03-10-2022 00:00,1674.089,1706.83,1671.827,1706.291
04-10-2022 00:00,1714.369,1734.832,1711.568,1730.739
05-10-2022 00:00,1715.876,1724.062,1705.753,1721.154
06-10-2022 00:00,1716.846,1722.554,1711.891,1719.215
07-10-2022 00:00,1706.614,1712.215,1698.214,1700.368
10-10-2022 00:00,1679.474,1683.89,1670.642,1674.52
11-10-2022 00:00,1674.627,1688.844,1668.488,1671.073
12-10-2022 00:00,1674.843,1683.243,1672.15,1680.012
13-10-2022 00:00,1652.98,1677.212,1646.948,1668.381
14-10-2022 00:00,1658.795,1660.734,1644.794,1647.595
17-10-2022 00:00,1668.488,1672.904,1651.256,1652.333
18-10-2022 00:00,1659.442,1661.165,1650.395,1655.888
19-10-2022 00:00,1638.009,1642.317,1632.086,1633.701
20-10-2022 00:00,1636.178,1650.287,1629.178,1631.116
21-10-2022 00:00,1636.825,1661.919,1635.209,1660.195
24-10-2022 00:00,1652.656,1659.226,1648.456,1654.81
25-10-2022 00:00,1658.149,1667.088,1656.749,1658.58
26-10-2022 00:00,1666.981,1677.212,1666.981,1669.135
27-10-2022 00:00,1666.227,1670.319,1660.949,1666.55
28-10-2022 00:00,1647.379,1653.626,1642.425,1649.533
31-10-2022 00:00,1638.763,1646.41,1635.855,1636.071
01-11-2022 00:00,1656.641,1658.365,1646.41,1652.764
02-11-2022 00:00,1660.303,1673.873,1639.84,1641.24
03-11-2022 00:00,1623.039,1636.609,1621.639,1634.994
04-11-2022 00:00,1668.811,1686.582,1665.688,1685.182
07-11-2022 00:00,1682.489,1686.259,1678.074,1678.505
08-11-2022 00:00,1680.012,1721.8,1679.905,1717.276
09-11-2022 00:00,1716.307,1726.97,1706.506,1708.66
10-11-2022 00:00,1744.848,1761.003,1741.078,1760.68
11-11-2022 00:00,1765.311,1772.527,1760.033,1772.311
14-11-2022 00:00,1768.434,1779.635,1767.895,1776.188
15-11-2022 00:00,1779.958,1790.297,1772.311,1782.435
16-11-2022 00:00,1781.466,1784.697,1775.219,1778.342
17-11-2022 00:00,1764.018,1767.465,1759.818,1765.418
18-11-2022 00:00,1759.603,1762.941,1752.064,1753.248
21-11-2022 00:00,1749.479,1750.125,1736.986,1743.448
22-11-2022 00:00,1747.971,1751.202,1741.724,1745.494
23-11-2022 00:00,1741.401,1758.095,1740.001,1756.372
25-11-2022 00:00,1753.895,1760.141,1752.925,1757.879
28-11-2022 00:00,1754.756,1756.156,1743.771,1743.986
29-11-2022 00:00,1752.279,1762.295,1751.202,1752.602
30-11-2022 00:00,1762.941,1775.004,1749.048,1775.004
01-12-2022 00:00,1803.76,1808.821,1798.375,1807.637
02-12-2022 00:00,1789.759,1803.652,1785.235,1801.39
05-12-2022 00:00,1793.744,1795.574,1769.726,1770.48
06-12-2022 00:00,1779.204,1782.866,1771.126,1775.327
07-12-2022 00:00,1782.112,1794.713,1780.496,1791.374
08-12-2022 00:00,1794.067,1799.129,1788.574,1792.882
09-12-2022 00:00,1801.39,1810.329,1794.282,1799.236
12-12-2022 00:00,1792.559,1794.282,1781.681,1784.374
13-12-2022 00:00,1822.392,1828.638,1809.575,1814.853
14-12-2022 00:00,1813.991,1818.084,1800.098,1810.437
15-12-2022 00:00,1784.912,1790.082,1778.127,1780.82
16-12-2022 00:00,1788.035,1798.375,1786.097,1796.328
19-12-2022 00:00,1795.467,1799.775,1787.712,1791.266
20-12-2022 00:00,1810.437,1825.838,1809.683,1820.992
21-12-2022 00:00,1820.561,1827.777,1816.684,1817.976
22-12-2022 00:00,1806.775,1806.775,1788.466,1796.005
23-12-2022 00:00,1797.298,1807.206,1794.928,1801.39
27-12-2022 00:00,1808.175,1837.47,1807.206,1816.576
28-12-2022 00:00,1809.899,1813.022,1799.667,1808.391
29-12-2022 00:00,1815.176,1823.9,1814.96,1818.515
30-12-2022 00:00,1822.93,1829.823,1817.976,1827.023
03-01-2023 00:00,1845.116,1853.409,1831.115,1842.316
04-01-2023 00:00,1861.702,1864.179,1850.825,1859.656
05-01-2023 00:00,1839.731,1841.67,1828.638,1836.5
06-01-2023 00:00,1849.855,1873.549,1844.147,1870.857
09-01-2023 00:00,1879.473,1885.181,1872.688,1875.057
10-01-2023 00:00,1880.55,1884.535,1874.626,1881.95
11-01-2023 00:00,1882.165,1882.488,1870.964,1880.657
12-01-2023 00:00,1895.628,1903.167,1883.458,1902.413
13-01-2023 00:00,1905.859,1925.999,1905.105,1925.245
17-01-2023 00:00,1919.322,1919.645,1907.259,1912.644
18-01-2023 00:00,1926.968,1929.769,1905.213,1907.152
19-01-2023 00:00,1921.045,1938.923,1918.029,1937.415
20-01-2023 00:00,1928.476,1934.938,1924.06,1930.953
23-01-2023 00:00,1920.83,1935.261,1914.691,1934.615
24-01-2023 00:00,1933.861,1942.046,1920.83,1941.616
25-01-2023 00:00,1931.6,1951.739,1930.953,1950.555
26-01-2023 00:00,1940.215,1941.508,1922.014,1932.892
27-01-2023 00:00,1930.738,1935.584,1919.86,1930.199
30-01-2023 00:00,1930.953,1932.461,1924.06,1925.245
31-01-2023 00:00,1925.891,1935.369,1922.876,1932.246
01-02-2023 00:00,1935.908,1957.232,1923.845,1956.586
02-02-2023 00:00,1950.232,1950.555,1914.26,1915.983
03-02-2023 00:00,1883.888,1889.381,1864.502,1868.164
06-02-2023 00:00,1875.165,1878.934,1866.226,1872.041
07-02-2023 00:00,1870.964,1887.658,1868.272,1873.765
08-02-2023 00:00,1884.104,1884.642,1872.149,1878.396
09-02-2023 00:00,1890.027,1890.35,1861.81,1863.533
10-02-2023 00:00,1869.995,1870.534,1859.225,1867.087
13-02-2023 00:00,1859.979,1862.133,1853.194,1857.61
14-02-2023 00:00,1852.117,1868.703,1846.086,1859.01
15-02-2023 00:00,1837.362,1841.562,1832.623,1840.485
16-02-2023 00:00,1834.562,1848.132,1830.469,1838.978
17-02-2023 00:00,1829.5,1846.732,1825.73,1844.47
21-02-2023 00:00,1843.824,1847.055,1834.562,1837.577
22-02-2023 00:00,1839.624,1841.239,1826.161,1827.238
23-02-2023 00:00,1829.177,1832.3,1820.992,1826.269
24-02-2023 00:00,1813.883,1818.407,1811.406,1813.13
27-02-2023 00:00,1818.838,1822.607,1815.284,1820.238
28-02-2023 00:00,1817.761,1833.593,1815.714,1828.531
01-03-2023 00:00,1841.131,1846.947,1835.962,1839.085
02-03-2023 00:00,1836.5,1841.455,1834.777,1838.008
03-03-2023 00:00,1846.516,1858.902,1841.455,1857.717
06-03-2023 00:00,1855.886,1856.425,1847.486,1848.347
07-03-2023 00:00,1835.423,1835.962,1814.96,1816.037
08-03-2023 00:00,1815.93,1826.484,1814.96,1815.176
09-03-2023 00:00,1828.208,1837.9,1827.777,1833.054
10-03-2023 00:00,1851.686,1872.688,1851.578,1872.58
13-03-2023 00:00,1902.628,1917.275,1898.751,1915.552
14-03-2023 00:00,1910.06,1912.644,1897.782,1904.459
15-03-2023 00:00,1926.322,1940,1911.567,1919.322
16-03-2023 00:00,1933.323,1934.83,1915.66,1923.199
17-03-2023 00:00,1949.585,1990.404,1946.893,1979.203
20-03-2023 00:00,1983.726,1987.496,1968.11,1979.957
21-03-2023 00:00,1967.14,1968.002,1937.523,1942.585
22-03-2023 00:00,1942.908,1981.034,1941.616,1975.649
23-03-2023 00:00,1980.711,2005.805,1977.372,2000.42
24-03-2023 00:00,1999.02,2003.112,1977.587,1977.91
27-03-2023 00:00,1950.985,1961.755,1946.031,1959.601
28-03-2023 00:00,1963.479,1977.587,1961.432,1975.649
29-03-2023 00:00,1965.417,1973.818,1962.725,1965.848
30-03-2023 00:00,1968.218,1986.419,1966.064,1983.619
31-03-2023 00:00,1982.865,1986.203,1968.756,1973.279
03-04-2023 00:00,1980.065,1992.881,1974.356,1987.496
04-04-2023 00:00,1989.434,2027.237,1988.788,2024.545
05-04-2023 00:00,2028.422,2034.022,2011.621,2022.929
06-04-2023 00:00,2012.805,2016.79,2002.681,2008.497
10-04-2023 00:00,1994.389,1996.327,1983.726,1993.635
11-04-2023 00:00,2002.251,2008.713,1999.343,2006.236
12-04-2023 00:00,2019.806,2021.098,2002.897,2016.036
13-04-2023 00:00,2043.715,2050.716,2035.422,2043.284
14-04-2023 00:00,2025.622,2030.037,1994.281,2007.097
17-04-2023 00:00,2002.035,2002.466,1982.757,1998.158
18-04-2023 00:00,1995.035,2013.882,1992.881,2005.913
19-04-2023 00:00,1985.45,1998.697,1984.696,1996.327
20-04-2023 00:00,2004.728,2014.313,2000.851,2004.189
21-04-2023 00:00,1992.235,1999.774,1973.279,1984.373
24-04-2023 00:00,1982.434,1992.773,1975.864,1990.404
25-04-2023 00:00,1990.727,2005.589,1984.911,2000.528
26-04-2023 00:00,2010.005,2010.22,1984.911,1989.65
27-04-2023 00:00,1980.603,1992.342,1975.003,1989.758
28-04-2023 00:00,1990.188,1996.543,1983.511,1990.296
01-05-2023 00:00,2003.759,2005.589,1980.711,1981.357
02-05-2023 00:00,1988.68,2020.883,1987.28,2019.59
03-05-2023 00:00,2020.56,2037.792,2013.236,2036.715
04-05-2023 00:00,2034.022,2060.947,2033.484,2051.039
05-05-2023 00:00,2009.251,2020.237,2000.743,2018.944
08-05-2023 00:00,2022.821,2031.976,2019.267,2021.421
09-05-2023 00:00,2026.052,2039.084,2025.514,2035.745
10-05-2023 00:00,2035.315,2042.423,2022.821,2032.838
11-05-2023 00:00,2029.499,2033.484,2012.482,2015.39
12-05-2023 00:00,2018.621,2023.898,2009.467,2011.944
15-05-2023 00:00,2017.221,2023.468,2014.313,2016.252
16-05-2023 00:00,2009.467,2012.051,1986.634,1991.05
17-05-2023 00:00,1985.019,1986.526,1976.08,1984.157
18-05-2023 00:00,1961.217,1963.156,1953.032,1958.417
19-05-2023 00:00,1962.833,1985.342,1958.094,1977.803
22-05-2023 00:00,1973.279,1979.957,1969.941,1973.172
23-05-2023 00:00,1968.541,1979.095,1965.31,1975.541
24-05-2023 00:00,1976.726,1976.726,1957.663,1959.601
25-05-2023 00:00,1951.309,1952.709,1939.677,1940.754
26-05-2023 00:00,1949.478,1952.601,1939.569,1948.508
30-05-2023 00:00,1957.124,1964.448,1951.201,1960.571
31-05-2023 00:00,1964.34,1975.756,1961.217,1963.586
01-06-2023 00:00,1968.864,1983.942,1967.894,1979.095
02-06-2023 00:00,1976.618,1976.941,1948.939,1949.909
05-06-2023 00:00,1947.108,1964.879,1945.062,1961.648
06-06-2023 00:00,1964.017,1967.14,1954.97,1963.802
07-06-2023 00:00,1959.494,1970.91,1940.215,1940.215
08-06-2023 00:00,1960.14,1971.341,1959.709,1965.848
09-06-2023 00:00,1964.017,1968.648,1957.124,1960.571
12-06-2023 00:00,1957.986,1959.494,1949.801,1958.848
13-06-2023 00:00,1961.217,1964.771,1940.431,1944.416
14-06-2023 00:00,1956.801,1959.709,1940.108,1945.493
15-06-2023 00:00,1941.616,1960.679,1940.539,1959.171
16-06-2023 00:00,1959.386,1966.817,1953.786,1956.155
20-06-2023 00:00,1939.246,1939.569,1930.199,1935.908
21-06-2023 00:00,1929.445,1938.061,1919.106,1933.107
22-06-2023 00:00,1920.937,1927.722,1913.075,1913.937
23-06-2023 00:00,1934.292,1938.061,1918.029,1919.214
26-06-2023 00:00,1928.369,1928.692,1921.583,1922.553
27-06-2023 00:00,1928.584,1930.953,1910.921,1913.721
28-06-2023 00:00,1908.767,1913.721,1903.059,1909.306
29-06-2023 00:00,1893.689,1913.075,1893.258,1907.259
30-06-2023 00:00,1913.721,1922.768,1909.736,1919.968
03-07-2023 00:00,1923.63,1931.492,1922.014,1922.122
05-07-2023 00:00,1932.246,1932.353,1915.229,1915.337
06-07-2023 00:00,1911.783,1914.906,1902.628,1909.629
07-07-2023 00:00,1921.153,1934.83,1920.83,1923.953
10-07-2023 00:00,1921.045,1926.968,1919.86,1925.461
11-07-2023 00:00,1932.461,1935.477,1929.23,1932.676
12-07-2023 00:00,1951.309,1959.601,1950.447,1958.848
13-07-2023 00:00,1959.709,1961.755,1954.647,1960.248
14-07-2023 00:00,1955.724,1961.971,1950.555,1954.001
17-07-2023 00:00,1949.262,1956.155,1945.493,1955.401
18-07-2023 00:00,1968.648,1984.157,1963.586,1977.803
19-07-2023 00:00,1975.756,1979.957,1969.51,1978.126
20-07-2023 00:00,1978.772,1979.203,1965.202,1968.11
21-07-2023 00:00,1960.786,1965.094,1956.694,1962.079
24-07-2023 00:00,1962.509,1965.956,1953.032,1953.678
25-07-2023 00:00,1957.124,1965.202,1950.447,1964.556
26-07-2023 00:00,1967.248,1977.803,1963.479,1974.141
27-07-2023 00:00,1956.263,1956.263,1942.046,1943.123
28-07-2023 00:00,1954.54,1963.048,1952.063,1958.632
31-07-2023 00:00,1964.771,1971.879,1963.479,1963.91
01-08-2023 00:00,1947.755,1953.463,1940.646,1943.554
02-08-2023 00:00,1944.739,1947.108,1932.246,1934.292
03-08-2023 00:00,1932.569,1938.061,1930.846,1933.646
04-08-2023 00:00,1941.293,1946.893,1936.985,1940.646
07-08-2023 00:00,1940.215,1940.215,1930.738,1936.231
08-08-2023 00:00,1923.953,1931.384,1922.014,1923.953
09-08-2023 00:00,1924.384,1926.968,1914.691,1914.798
10-08-2023 00:00,1919.429,1924.599,1912.106,1912.752
11-08-2023 00:00,1913.829,1920.937,1911.567,1912.752
14-08-2023 00:00,1904.782,1912.537,1901.767,1906.936
15-08-2023 00:00,1903.598,1910.921,1899.074,1901.874
16-08-2023 00:00,1902.197,1905.751,1890.781,1890.889
17-08-2023 00:00,1901.228,1901.551,1883.996,1887.981
18-08-2023 00:00,1893.689,1896.166,1885.827,1888.304
21-08-2023 00:00,1894.443,1894.874,1884.319,1893.474
22-08-2023 00:00,1893.689,1898.213,1888.089,1896.597
23-08-2023 00:00,1909.736,1919.429,1907.044,1915.875
24-08-2023 00:00,1913.398,1922.337,1910.706,1915.445
25-08-2023 00:00,1912.537,1921.153,1902.305,1912.967
28-08-2023 00:00,1913.29,1924.922,1911.783,1918.46
29-08-2023 00:00,1917.383,1937.308,1915.983,1937.2
30-08-2023 00:00,1944.847,1948.078,1941.723,1942.046
31-08-2023 00:00,1942.585,1943.877,1937.954,1938.815
01-09-2023 00:00,1947.216,1950.662,1933.323,1939.785
05-09-2023 00:00,1931.384,1932.569,1923.953,1923.953
06-09-2023 00:00,1920.614,1927.938,1913.829,1915.229
07-09-2023 00:00,1920.399,1921.045,1915.983,1917.275
08-09-2023 00:00,1920.937,1928.369,1915.983,1917.922
11-09-2023 00:00,1927.507,1928.584,1919.86,1921.476
12-09-2023 00:00,1907.475,1913.829,1906.829,1911.567
13-09-2023 00:00,1911.998,1914.368,1906.721,1907.152
14-09-2023 00:00,1900.905,1910.49,1899.397,1908.121
15-09-2023 00:00,1922.984,1929.015,1920.722,1920.722
18-09-2023 00:00,1925.891,1932.246,1921.153,1932.03
19-09-2023 00:00,1933.646,1934.83,1928.153,1930.199
20-09-2023 00:00,1931.492,1945.708,1931.276,1931.6
21-09-2023 00:00,1915.552,1922.337,1913.721,1917.599
22-09-2023 00:00,1924.06,1927.291,1922.553,1923.737
25-09-2023 00:00,1921.476,1924.707,1913.183,1913.829
26-09-2023 00:00,1904.459,1907.798,1897.243,1898.536
27-09-2023 00:00,1887.658,1888.196,1870.749,1875.057
28-09-2023 00:00,1873.011,1875.488,1855.886,1865.687
29-09-2023 00:00,1873.118,1874.303,1844.578,1846.516
02-10-2023 00:00,1833.377,1835.854,1825.515,1827.13
03-10-2023 00:00,1821.638,1831.762,1817.438,1821.853
04-10-2023 00:00,1822.392,1824.546,1814.745,1821.638
05-10-2023 00:00,1817.33,1820.13,1812.591,1818.299
06-10-2023 00:00,1821.961,1833.377,1814.745,1827.669
09-10-2023 00:00,1843.609,1861.702,1842.532,1861.271
10-10-2023 00:00,1853.302,1861.056,1851.363,1858.148
11-10-2023 00:00,1869.672,1875.38,1866.01,1871.718
12-10-2023 00:00,1874.626,1876.457,1865.795,1866.01
13-10-2023 00:00,1905.105,1928.907,1903.274,1925.999
16-10-2023 00:00,1915.337,1920.614,1912.106,1916.629
17-10-2023 00:00,1921.045,1929.23,1916.845,1920.183
18-10-2023 00:00,1948.185,1960.355,1935.908,1947.97
19-10-2023 00:00,1949.801,1975.541,1947.431,1971.879
20-10-2023 00:00,1975.541,1994.927,1971.879,1977.264
23-10-2023 00:00,1976.403,1976.941,1967.787,1970.587
24-10-2023 00:00,1960.894,1975.218,1956.694,1970.371
25-10-2023 00:00,1975.433,1984.911,1960.571,1978.664
26-10-2023 00:00,1975.218,1986.957,1969.51,1981.788
27-10-2023 00:00,1979.095,2007.097,1975.972,2004.835
30-10-2023 00:00,1998.266,1999.989,1989.542,1993.527
31-10-2023 00:00,1993.312,2005.482,1976.295,1982.649
01-11-2023 00:00,1980.711,1992.45,1967.356,1976.403
02-11-2023 00:00,1983.08,1984.696,1976.295,1982.972
03-11-2023 00:00,1986.85,1997.512,1985.45,1990.188
06-11-2023 00:00,1983.188,1984.157,1974.572,1974.68
07-11-2023 00:00,1962.833,1967.14,1957.448,1966.494
08-11-2023 00:00,1960.248,1960.894,1944.739,1946.893
09-11-2023 00:00,1949.155,1963.156,1948.185,1954.647
10-11-2023 00:00,1944.093,1944.954,1930.523,1933.323
13-11-2023 00:00,1932.138,1946.462,1929.015,1944.093
14-11-2023 00:00,1956.909,1968.218,1956.047,1961.432
15-11-2023 00:00,1960.463,1962.079,1952.709,1956.263
16-11-2023 00:00,1969.295,1985.126,1968.756,1978.341
17-11-2023 00:00,1981.249,1983.08,1975.756,1978.126
20-11-2023 00:00,1963.586,1976.08,1962.617,1974.895
21-11-2023 00:00,1998.589,2004.512,1993.204,1996.22
22-11-2023 00:00,1997.512,2000.204,1984.588,1987.711
24-11-2023 00:00,1997.512,2000.528,1994.173,1998.05
27-11-2023 00:00,2009.251,2011.836,2002.466,2011.513
28-11-2023 00:00,2023.683,2039.838,2019.59,2038.33
29-11-2023 00:00,2037.253,2046.192,2035.745,2041.346
30-11-2023 00:00,2034.345,2038.115,2027.776,2032.838
01-12-2023 00:00,2033.484,2072.148,2032.191,2067.948
04-12-2023 00:00,2041.992,2050.393,2016.79,2023.252
05-12-2023 00:00,2019.914,2023.468,2006.451,2015.605
06-12-2023 00:00,2028.206,2029.714,2019.375,2023.037
07-12-2023 00:00,2029.606,2031.114,2016.79,2026.375
08-12-2023 00:00,2002.466,2011.621,1991.373,1999.343
11-12-2023 00:00,1987.065,1987.388,1972.525,1977.264
12-12-2023 00:00,1979.957,1981.465,1973.71,1976.187
13-12-2023 00:00,1979.741,2021.098,1975.003,2020.775
14-12-2023 00:00,2034.022,2044.361,2025.622,2032.622
15-12-2023 00:00,2030.36,2035.099,2012.051,2013.99
18-12-2023 00:00,2019.375,2030.037,2016.575,2023.145
19-12-2023 00:00,2027.237,2043.284,2026.16,2036.93
20-12-2023 00:00,2032.191,2035.099,2025.729,2025.837
21-12-2023 00:00,2037.792,2042.207,2032.838,2040.161
22-12-2023 00:00,2063.532,2066.548,2047.054,2049.208
26-12-2023 00:00,2056.747,2065.04,2050.608,2064.824
27-12-2023 00:00,2065.363,2080.549,2062.886,2074.194
28-12-2023 00:00,2071.502,2077.425,2061.809,2062.132
29-12-2023 00:00,2056.962,2063.963,2054.27,2058.901
01-01-2024 00:00,2064.24,2074.9,2063.3,2063.8
02-01-2024 00:00,2061.809,2066.655,2051.685,2054.054
03-01-2024 00:00,2033.053,2044.792,2026.483,2036.93
04-01-2024 00:00,2036.392,2043.608,2032.191,2038.976
05-01-2024 00:00,2042.854,2059.87,2036.392,2039.3
06-01-2024 00:00,2043.4,2045.58,2028.03,2045.58
07-01-2024 00:00,2045.58,2049.18,2028.03,2049.18
08-01-2024 00:00,2016.252,0,2015.175,2023.36
09-01-2024 00:00,2032.084,2033.161,2021.852,2024.006
10-01-2024 00:00,2026.268,2029.499,2016.252,2019.375
11-01-2024 00:00,2024.975,2030.684,2009.251,2023.36
12-01-2024 00:00,2053.516,2057.932,2037.253,2043.177
13-01-2024 00:00,2028.69,2049.18,2024.37,2024.37
14-01-2024 00:00,2049.18,2054.78,2028.48,2054.78
15-01-2024 00:00,2054.78,2054.78,2028.48,2054.78
16-01-2024 00:00,2037.145,2038.33,2019.806,2023.791
17-01-2024 00:00,2017.329,2018.513,1997.296,2023.791
18-01-2024 00:00,2007.097,2018.298,2006.451,2023.791
19-01-2024 00:00,2027.56,2027.991,2018.729,2024.006
20-01-2024 00:00,2029.63,2029.63,2013.94,2029.63
21-01-2024 00:00,2029.63,2029.63,2013.94,2029.63
22-01-2024 00:00,2016.467,2022.175,2012.375,2016.359
23-01-2024 00:00,2018.836,2026.375,2017.006,2024.221
24-01-2024 00:00,2028.314,2028.745,2006.666,2007.528
25-01-2024 00:00,2017.652,2020.883,2008.174,2015.498
26-01-2024 00:00,2016.898,2018.083,2011.405,2014.098
27-01-2024 00:00,2020.86,2020.86,2013.94,2020.86
28-01-2024 00:00,2020.86,2032.07,2013.94,2032.07
29-01-2024 00:00,2028.099,2030.576,2016.036,2028.314
30-01-2024 00:00,2043.069,2044.469,2024.545,2031.114
31-01-2024 00:00,2039.515,2051.254,2026.16,2029.606
01-02-2024 00:00,2043.177,2060.947,2035.422,2054.71
02-02-2024 00:00,2025.514,2034.13,2023.145,2037.33
03-02-2024 00:00,2054.74,2054.74,2039.4,2039.4
04-02-2024 00:00,2039.4,2039.4,2024.87,2039.4
05-02-2024 00:00,2012.698,2022.821,2010.759,2025.19
06-02-2024 00:00,2024.114,2033.915,2021.96,2035.64
07-02-2024 00:00,2029.606,2039.73,2027.776,2036.15
08-02-2024 00:00,2023.791,2030.468,2022.821,2034.34
09-02-2024 00:00,2020.021,2022.283,2015.498,2024.42
10-02-2024 00:00,2035.31,2035.31,2025.9,2024.42
11-02-2024 00:00,2025.9,2025.9,2038.9,2024.42
12-02-2024 00:00,2009.682,2016.898,2007.097,2019.175
13-02-2024 00:00,1996.22,1996.543,1985.234,1991.38
14-02-2024 00:00,1984.588,1991.158,1979.311,1993.03
15-02-2024 00:00,1998.912,2003.435,1993.527,2003.58
16-02-2024 00:00,1993.312,2010.436,1990.727,2013.82
17-02-2024 00:00,2032.8,2032.8,2028,2013.82
18-02-2024 00:00,2028,2028,2025.9,2013.82
19-02-2024 00:00,2013.16,2023.34,2011.57,2016.63
20-02-2024 00:00,2024.329,2025.083,2018.298,2024.02
21-02-2024 00:00,2023.468,2025.191,2015.067,2025.16
22-02-2024 00:00,2020.021,2020.883,2014.529,2024.01
23-02-2024 00:00,2020.021,2037.469,2018.944,2036.47
24-02-2024 00:00,2036,2036,2036,2036.47
25-02-2024 00:00,2036,2036,2036,2036.47
26-02-2024 00:00,2022.498,2028.637,2019.698,2032.14
27-02-2024 00:00,2031.007,2032.514,2023.468,2030.76
28-02-2024 00:00,2028.422,2030.36,2025.083,2034.422
29-02-2024 00:00,2042.423,2045.438,2038.007,2038.869
01-03-2024 00:00,2049.208,2082.918,2040.269,2083.45
02-03-2024 00:00,2200,2220,2180,2083.45
03-03-2024 00:00,2210,2230,2190,2083.45
04-03-2024 00:00,2090.995,2114.474,2088.088,2114.28
05-03-2024 00:00,2126.429,2133.968,2117.92,2128.36
06-03-2024 00:00,2133.322,2146.461,2126.429,2147.84
07-03-2024 00:00,2149.046,2155.185,2142.261,2161.54
08-03-2024 00:00,2163.585,2189.541,2158.846,2177.55
09-03-2024 00:00,2250,2270,2230,2177.55
10-03-2024 00:00,2260,2280,2240,2177.55
11-03-2024 00:00,2172.417,2179.956,2169.724,2182.54
12-03-2024 00:00,2158.523,2160.785,2144.953,2182.54
13-03-2024 00:00,2158.739,2174.032,2157.77,2157.16
14-03-2024 00:00,2157.985,2159.062,2146.892,2175.77
15-03-2024 00:00,2153.354,2160.785,2149.369,2161.87
16-03-2024 00:00,2300,2320,2280,2156.95
17-03-2024 00:00,2310,2330,2290,2155
18-03-2024 00:00,2150.338,2155.615,2148.723,2154.323
19-03-2024 00:00,2149.907,2151.954,2142.584,2161.86
20-03-2024 00:00,2144.953,2182.648,2144.522,2203.49
21-03-2024 00:00,2195.788,2196.218,2160.462,2181.27
22-03-2024 00:00,2168.216,2174.032,2150.984,2165.77
23-03-2024 00:00,2350,2370,2330,2165.77
24-03-2024 00:00,2360,2380,2340,2168.77
25-03-2024 00:00,2166.816,2175.001,2164.447,2172.62
26-03-2024 00:00,2182.54,2183.725,2165.524,2179.63
27-03-2024 00:00,2178.986,2188.679,2178.986,2191.37
28-03-2024 00:00,2202.896,2219.159,2195.68,2234.04
29-03-2024 00:00,2230,2235.9,2187.33,2232.38
30-03-2024 00:00,2400,2420,2380,2237
31-03-2024 00:00,2410,2430,2390,2245.19
01-04-2024 00:00,2247.484,2248.022,2221.743,2249.21
02-04-2024 00:00,2251.684,2272.793,2244.037,2280.25
03-04-2024 00:00,2267.839,2292.179,2264.931,2297.21
04-04-2024 00:00,2283.24,2298.856,2272.685,2288.07
05-04-2024 00:00,2288.517,2323.52,2285.609,2327.08
06-04-2024 00:00,2290.53,2390.86,2255.15,2329.29
07-04-2024 00:00,2290.53,2390.86,2255.15,2232.53
08-04-2024 00:00,2326.105,2335.044,2311.35,2338.49
09-04-2024 00:00,2345.814,2357.122,2331.166,2354.06
10-04-2024 00:00,2319.535,2345.491,2312.104,2335.52
11-04-2024 00:00,2335.475,2367.677,2325.135,2377
12-04-2024 00:00,2389.54,2424.219,2326.535,2342.95
13-04-2024 00:00,2290.53,2390.86,2255.15,2344.4
14-04-2024 00:00,2290.53,2390.86,2255.15,2365
15-04-2024 00:00,2347.214,2380.493,2317.273,2381.61
16-04-2024 00:00,2371.339,2390.832,2356.261,2382.539
17-04-2024 00:00,2380.709,2388.355,2353.46,2364.984
18-04-2024 00:00,2383.509,2385.124,2361.969,2380.02
19-04-2024 00:00,2374.677,2394.817,2370.262,2389.43
20-04-2024 00:00,2290.53,2390.86,2255.15,2392.38
21-04-2024 00:00,2290.53,2390.86,2255.15,2286.53
22-04-2024 00:00,2330.09,2336.659,2317.058,2333.58
23-04-2024 00:00,2304.349,2324.812,2303.38,2323.91
24-04-2024 00:00,2312.965,2330.09,2308.657,2316.63
25-04-2024 00:00,2309.842,2337.629,2308.442,2330.48
26-04-2024 00:00,2334.613,2337.844,2321.258,2336.97
27-04-2024 00:00,2290.53,2390.86,2255.15,2338.13
28-04-2024 00:00,2290.53,2390.86,2255.15,2336.27
29-04-2024 00:00,2326.535,2339.459,2318.243,2333.21
30-04-2024 00:00,2298.103,2306.18,2281.086,2290.71
01-05-2024 00:00,2293.579,2320.935,2287.656,2324.58
02-05-2024 00:00,2282.163,2301.657,2277.747,2303.41
03-05-2024 00:00,2292.825,2296.487,2269.347,2302.4
04-05-2024 00:00,2286,2420,2280,2302.4
05-05-2024 00:00,2400,2430.49,2380,2293.44
06-05-2024 00:00,2317.058,2325.351,2309.842,2326.74
07-05-2024 00:00,2310.38,2314.796,2303.488,2315.02
08-05-2024 00:00,2300.687,2313.396,2299.395,2308.27
09-05-2024 00:00,2309.95,2336.551,2309.519,2346.51
10-05-2024 00:00,2360.999,2365.092,2348.722,2361.57
11-05-2024 00:00,2420,2420,2400,2361.57
12-05-2024 00:00,2420,2420,2400,2460
13-05-2024 00:00,2337.736,2340.429,2324.166,2338.12
14-05-2024 00:00,2340.429,2351.953,2336.875,2355.89
15-05-2024 00:00,2359.276,2382.216,2344.09,2391.95
16-05-2024 00:00,2370.908,2375.754,2363.046,2378.23
17-05-2024 00:00,2392.879,2410.865,2387.386,2408.818
18-05-2024 00:00,2420,2430.49,2400,2420
19-05-2024 00:00,2420,2430.49,2400,2420
20-05-2024 00:00,2410.218,2430.358,2401.925,2428.11
21-05-2024 00:00,2420.773,2425.512,2409.249,2421.57
22-05-2024 00:00,2402.679,2404.295,2366.6,2382.55
23-05-2024 00:00,2356.261,2361.107,2322.658,2332
24-05-2024 00:00,2336.659,2339.352,2323.52,2334.48
25-05-2024 00:00,2420,2430.49,2400,2334.48
26-05-2024 00:00,2420,2430.49,2400,2437.28
27-05-2024 00:00,2352.45,2365,2340,2352.45
28-05-2024 00:00,2352.491,2354.214,2339.352,2359.96
29-05-2024 00:00,2336.228,2338.813,2327.612,2338.43
30-05-2024 00:00,2333.751,2342.583,2330.736,2343.49
31-05-2024 00:00,2345.383,2347.429,2311.78,2318.781
01-06-2024 00:00,2320,2340,2310,2329.42
02-06-2024 00:00,2320,2340,2310,2326.05
03-06-2024 00:00,2325.458,2345.921,2321.366,2350.49
04-06-2024 00:00,2328.905,2328.905,2306.934,2328.58
05-06-2024 00:00,2333.751,2348.722,2325.566,2355.91
06-06-2024 00:00,2351.737,2369.077,2348.937,2376.21
07-06-2024 00:00,2316.304,2317.596,2278.286,2291.92
08-06-2024 00:00,2320,2340,2310,2294.03
09-06-2024 00:00,2320,2340,2310,2298.76
10-06-2024 00:00,2295.41,2304.995,2291.425,2310.17
11-06-2024 00:00,2304.241,2308.873,2296.595,2315.35
12-06-2024 00:00,2331.382,2332.244,2306.934,2320.34
13-06-2024 00:00,2309.519,2315.119,2286.04,2293.687
14-06-2024 00:00,2319.212,2326.751,2315.335,2323.412
15-06-2024 00:00,2320,2340,2310,2332.77
16-06-2024 00:00,2320,2340,2310,2328.9
17-06-2024 00:00,2314.473,2318.135,2300.472,2311.35
18-06-2024 00:00,2308.873,2324.489,2305.211,2328.62
19-06-2024 00:00,0,0,0,2330
20-06-2024 00:00,2329.766,2355.83,2327.935,2361.53
21-06-2024 00:00,2346.029,2346.783,2307.58,2321.11
22-06-2024 00:00,2320,2340,2310,2321.11
23-06-2024 00:00,2320,2340,2310,2319.32
24-06-2024 00:00,2321.474,2325.674,2317.704,2330.33
25-06-2024 00:00,2315.119,2318.889,2306.072,2365.811
26-06-2024 00:00,2287.44,2295.195,2284.532,2298.487
27-06-2024 00:00,2312.427,2320.935,2309.626,2327.66
28-06-2024 00:00,2322.443,2324.274,2313.611,2325.68
29-06-2024 00:00,2320,2340,2310,2325.68
30-06-2024 00:00,2320,2340,2310,2325.68
01-07-2024 00:00,2318.243,2326.32,2310.057,2332.69
02-07-2024 00:00,2319.104,2327.182,2311.457,2330.51
03-07-2024 00:00,2340.752,2355.83,2340.644,2358.72
04-07-2024 00:00,2400,2420,2390,2356.54
05-07-2024 00:00,2364.877,2383.186,2364.877,2391.46
06-07-2024 00:00,2400,2420,2390,2391.46
07-07-2024 00:00,2400,2420,2390,2385.46
08-07-2024 00:00,2365.523,2369.831,2341.506,2361.6
09-07-2024 00:00,2353.999,2361.753,2339.998,2353.891
10-07-2024 00:00,2370.908,2377.047,2360.353,2372.57
11-07-2024 00:00,2397.94,2414.095,2385.34,2415.43
12-07-2024 00:00,2391.263,2408.387,2389.432,2411.85
13-07-2024 00:00,2400,2420,2390,2411.85
14-07-2024 00:00,2400,2420,2390,2408.85
15-07-2024 00:00,2405.91,2429.604,2401.925,2422.49
16-07-2024 00:00,2428.096,2458.683,2426.481,2468.63
17-07-2024 00:00,2464.068,2473.33,2441.236,2461.67
18-07-2024 00:00,2452.437,2459.006,2429.389,2441.61
19-07-2024 00:00,2385.77,2398.264,2384.586,2420.02
20-07-2024 00:00,2400,2420,2390,2398.76
21-07-2024 00:00,2400,2420,2390,2411
22-07-2024 00:00,2386.417,2390.078,2373.708,2395.86
23-07-2024 00:00,2394.602,2399.018,2389.432,2408.17
24-07-2024 00:00,2406.772,2421.958,2388.14,2398.86
25-07-2024 00:00,2358.845,2361.43,2342.69,2363.14
26-07-2024 00:00,2368.969,2380.601,2366.169,2387.15
27-07-2024 00:00,2400,2420,2390,2387.15
28-07-2024 00:00,2400,2420,2390,2396.15
29-07-2024 00:00,2382.97,2386.094,2359.169,2372.846
30-07-2024 00:00,2384.586,2400.848,2373.277,2409.54
31-07-2024 00:00,2409.572,2440.482,2408.603,2445.94
01-08-2024 00:00,2441.99,2450.929,2423.789,2446.43
02-08-2024 00:00,2455.021,2463.745,2400.31,2442.912
03-08-2024 00:00,2510,2530,2500,2442.912
04-08-2024 00:00,2520,2540,2510,2442.912
05-08-2024 00:00,2375.431,2402.787,2371.985,2360.11
06-08-2024 00:00,2385.555,2392.448,2370.585,2383.99
07-08-2024 00:00,2390.294,2394.279,2373.17,2350.99
08-08-2024 00:00,2398.802,2415.173,2396.54,2424.588
09-08-2024 00:00,2421.311,2426.266,2410.541,2431.51
10-08-2024 00:00,2530,2550,2520,2430
11-08-2024 00:00,2540,2560,2530,2428.01
12-08-2024 00:00,2435.528,2461.376,2433.697,2475.76
13-08-2024 00:00,2456.314,2464.93,2451.144,2463.06
14-08-2024 00:00,2439.944,2449.96,2427.02,2449.14
15-08-2024 00:00,2439.513,2450.175,2424.542,2457.21
16-08-2024 00:00,2476.992,2498.855,2466.438,2507.99
17-08-2024 00:00,2550,2570,2540,2507.99
18-08-2024 00:00,2560,2580,2550,2507.99
19-08-2024 00:00,2478.715,2496.271,2474.3,2503.56
20-08-2024 00:00,2517.057,2520.288,2489.27,2503.594
21-08-2024 00:00,2495.301,2508.01,2482.27,2512.25
22-08-2024 00:00,2480.87,2481.193,2458.36,2487.35
23-08-2024 00:00,2488.301,2506.502,2482.7,2511.85
24-08-2024 00:00,0,0,0,2512.59
25-08-2024 00:00,0,0,0,2515.77
26-08-2024 00:00,2514.256,2514.795,2499.286,2516.25
27-08-2024 00:00,2495.301,2514.472,2494.009,2525.61
28-08-2024 00:00,2498.64,2498.855,2484.962,2495.948
29-08-2024 00:00,2498.101,2515.98,2497.778,2519.81
30-08-2024 00:00,2504.348,2507.902,2483.024,2502.93
31-08-2024 00:00,2503.48,2503.48,2503.48,2503.48
01-09-2024 00:00,2503.48,2503.48,2503.48,2503.48
02-09-2024 00:00,2503.48,2503.48,2503.48,2497.48
03-09-2024 00:00,2481.193,2482.916,2461.16,2492.23
04-09-2024 00:00,2474.838,2488.516,2470.423,2496.71
05-09-2024 00:00,2506.394,2508.225,2491.424,2517.41
06-09-2024 00:00,2496.809,2506.825,2473.007,2496.85
07-09-2024 00:00,2600,2620,2590,2497.53
08-09-2024 00:00,2600,2620,2590,2696.66
09-09-2024 00:00,2490.67,2494.547,2481.3,2506.7
10-09-2024 00:00,2502.84,2506.61,2489.162,2518.87
11-09-2024 00:00,2495.624,2508.01,2488.839,2512.33
12-09-2024 00:00,2526.965,2546.566,2524.703,2545.274
13-09-2024 00:00,2564.66,2573.815,2560.675,2570.584
14-09-2024 00:00,0,0,0,2580.7
15-09-2024 00:00,0,0,0,2579.07
16-09-2024 00:00,2571.122,2577.046,2563.799,2583.38
17-09-2024 00:00,2564.122,2569.722,2548.29,2590.152
18-09-2024 00:00,2565.306,2587.923,2534.181,2593.443
19-09-2024 00:00,2565.845,2579.63,2556.69,2611.1
20-09-2024 00:00,2596.755,2613.125,2589.862,2621.62
21-09-2024 00:00,2650,2670,2640,2621.62
22-09-2024 00:00,2650,2670,2640,2621.62
23-09-2024 00:00,2616.787,2622.064,2612.694,2640.664
24-09-2024 00:00,2621.31,2651.466,2618.725,2658.14
25-09-2024 00:00,2651.466,2654.482,2636.388,2660.512
26-09-2024 00:00,2654.159,2664.175,2640.696,2672.95
27-09-2024 00:00,2652.759,2657.498,2629.926,2653.85
28-09-2024 00:00,2660,2680,2650,2653.85
29-09-2024 00:00,2660,2680,2650,2653.85
30-09-2024 00:00,2627.557,2628.742,2611.725,2657.756
01-10-2024 00:00,2640.804,2659.975,2639.296,2660.5
02-10-2024 00:00,2645.22,2650.174,2627.772,2660.5
03-10-2024 00:00,2635.634,2648.451,2624.541,2655.74
04-10-2024 00:00,2638.65,2656.851,2628.419,2651.65
05-10-2024 00:00,2600,2620,2590,2651.65
06-10-2024 00:00,2600,2620,2590,2651.65
07-10-2024 00:00,2634.127,2636.711,2625.834,2643.3
08-10-2024 00:00,2625.618,2628.311,2591.585,2622.23
09-10-2024 00:00,2597.293,2604.617,2591.693,2630.2
10-10-2024 00:00,2603.863,2617.325,2601.063,2632.76
11-10-2024 00:00,2633.265,2648.558,2632.942,2656.712
12-10-2024 00:00,2650,2670,2640,2648.65
13-10-2024 00:00,2650,2670,2640,2648.65
14-10-2024 00:00,2640.373,2647.912,2630.68,2655.44
15-10-2024 00:00,2638.542,2655.344,2633.588,2660.58
16-10-2024 00:00,2666.867,2671.929,2653.297,2674.1
17-10-2024 00:00,2668.268,2682.376,2666.867,2693.74
18-10-2024 00:00,2692.5,2707.255,2691.423,2705.8
19-10-2024 00:00,2700,2720,2690,2715
20-10-2024 00:00,2700,2720,2690,2721
21-10-2024 00:00,2722.01,2726.318,2700.362,2721
22-10-2024 00:00,2725.456,2734.934,2719.64,2721
23-10-2024 00:00,2725.672,2726.749,2694.654,2721
24-10-2024 00:00,2727.718,2728.256,2707.578,2722.656
25-10-2024 00:00,2714.04,2730.734,2711.563,2728.256
26-10-2024 00:00,2750,2770,2740,2730
27-10-2024 00:00,2750,2770,2740,2735
28-10-2024 00:00,2724.918,2731.595,2724.271,2738.34
29-10-2024 00:00,2740.857,2760.243,2738.057,2740.9
30-10-2024 00:00,2765.305,2775.537,2756.151,2732.25
31-10-2024 00:00,2751.95,2752.812,2716.194,2725.303
01-11-2024 00:00,2739.134,2744.842,2718.779,2719.102
02-11-2024 00:00,2600,2620,2590,2720
03-11-2024 00:00,2600,2620,2590,272146
04-11-2024 00:00,2728.256,2731.057,2716.948,2722.979
05-11-2024 00:00,2733.211,2735.472,2718.456,2725.118
06-11-2024 00:00,2645.543,2663.96,2638.111,2715.189
07-11-2024 00:00,2674.083,2695.085,2672.252,2720.189
08-11-2024 00:00,2682.484,2685.5,2668.591,2720.189
09-11-2024 00:00,2650,2670,2640,2721.46
10-11-2024 00:00,2650,2670,2640,2720.189
11-11-2024 00:00,2614.202,2614.202,2596.216,2720.189
12-11-2024 00:00,2598.693,2602.678,2578.23,2720.189
13-11-2024 00:00,2598.909,2600.632,2558.844,2720.189
14-11-2024 00:00,2547.859,2563.152,2543.12,2552.598
15-11-2024 00:00,2558.629,2561.968,2545.274,2566.074
16-11-2024 00:00,2700,2720,2690,2561
17-11-2024 00:00,2700,2720,2690,256308
18-11-2024 00:00,2589.754,2600.955,2589.646,2570.39
19-11-2024 00:00,2614.418,2620.449,2606.663,2619.803
20-11-2024 00:00,2625.08,2640.912,2622.603,2634.557
21-11-2024 00:00,2651.897,2658.144,2646.081,2656.528
22-11-2024 00:00,2673.114,2696.7,2669.452,2668.84
23-11-2024 00:00,2750,2770,2740,2712.06
24-11-2024 00:00,2750,2770,2740,2712.06
25-11-2024 00:00,2630.788,2632.188,2600.74,2719.72
26-11-2024 00:00,2613.987,2618.079,2601.817,2616.571
27-11-2024 00:00,2637.035,2640.589,2619.264,2632.1
28-11-2024 00:00,0,0,0,2636.91
29-11-2024 00:00,2641.343,2647.374,2635.742,2638.9
30-11-2024 00:00,2641.343,2647.374,2635.742,2645.004
01-12-2024 00:00,2745.82,2517,2059.36,2650.98
02-12-2024 00:00,2632.834,2634.127,2618.618,2646.29
03-12-2024 00:00,2638.219,2640.589,2620.341,2642.07
04-12-2024 00:00,2637.896,2642.312,2631.865,2643.02
05-12-2024 00:00,2629.603,2631.973,2607.955,2650.54
06-12-2024 00:00,2614.848,2626.372,2611.079,2633.77
07-12-2024 00:00,2669.51,2447.05,2002.14,2633
08-12-2024 00:00,2715.25,2488.98,2036.44,2633.31
09-12-2024 00:00,2652.436,2661.375,2641.45,2638.97
10-12-2024 00:00,2669.452,2680.222,2669.129,2660
11-12-2024 00:00,2685.5,2706.07,2681.407,2695.839
12-12-2024 00:00,2668.914,2673.545,2658.79,2670.206
13-12-2024 00:00,2645.866,2648.774,2630.788,2680.003
14-12-2024 00:00,2627.5,2408.54,1970.62,2649.92
15-12-2024 00:00,2631.51,2412.22,1973.63,2648.4
16-12-2024 00:00,2643.066,2644.466,2631.003,2651.55
17-12-2024 00:00,2625.726,2633.804,2619.587,2651.8
18-12-2024 00:00,2623.249,2624.757,2572.091,2647.59
19-12-2024 00:00,2581.246,2585.339,2571.122,2598.2
20-12-2024 00:00,2599.986,2616.679,2597.401,2593.95
21-12-2024 00:00,2636.37,2416.67,1977.27,2621.74
22-12-2024 00:00,2638.1,2418.26,1978.58,2621.74
23-12-2024 00:00,2602.032,2602.786,2591.8,2623.97
24-12-2024 00:00,2600.847,2602.678,2593.631,2615.69
25-12-2024 00:00,2649.85,2429.03,1987.39,2617.01
26-12-2024 00:00,2610.54,2623.141,2608.494,2617.864
27-12-2024 00:00,2597.724,2605.801,2596.109,2599.878
28-12-2024 00:00,2650.98,2430.62,1988.48,2618.92
29-12-2024 00:00,2650.98,2430.62,1988.48,2618.92
30-12-2024 00:00,2596.432,2596.432,2580.277,2591.585
31-12-2024 00:00,2596.109,2611.94,2596.109,2607.74
01-01-2025 00:00,2745.82,2517,2059.36,2609.1
02-01-2025 00:00,2630.249,2644.358,2628.742,2643.173
03-01-2025 00:00,2633.911,2636.711,2620.987,2622.387
04-01-2025 00:00,2669.51,2447.05,2002.14,2639.5
05-01-2025 00:00,2715.25,2488.98,2036.44,2640.06
06-01-2025 00:00,2609.894,2625.618,2606.879,2619.156
07-01-2025 00:00,2644.25,2646.943,2625.834,2633.911
08-01-2025 00:00,2646.404,2654.266,2633.373,2647.912
09-01-2025 00:00,2627.5,2408.54,1970.62,2662.78
10-01-2025 00:00,2671.068,2682.161,2666.114,2673.222
11-01-2025 00:00,2631.51,2412.22,1973.63,2726
12-01-2025 00:00,2636.37,2416.67,1977.27,2753.19
13-01-2025 00:00,2653.082,2657.928,2640.265,2646.62
14-01-2025 00:00,2638.1,2418.26,1978.58,2689.35
15-01-2025 00:00,2690.8,2712.5,2690.8,2712.5
16-01-2025 00:00,0,0,0,2701
17-01-2025 00:00,2746.8,2759.2,2729.2,2740
18-01-2025 00:00,0,0,0,2703
19-01-2025 00:00,0,0,0,2702
20-01-2025 00:00,0,0,0,2711
21-01-2025 00:00,2713.501467,2728.687207,2712.20912,2726.210153
22-01-2025 00:00,2738.703228,2742.903521,2733.210587,2740.211021
23-01-2025 00:00,2726.856326,2741.395728,2722.871479,2736.333979
24-01-2025 00:00,0,0,0,2754.42
